t,preset,img_t,mean,bright,white,dark,sat,mode,base,prev,flag,unusable
2026-10-01T15:31:39Z,C0151301,2026-10-01T15:29:27Z,121.2,0.169,0.032,0.0,22.9,color,,,0,
2026-10-01T15:31:39Z,C0151302,2026-10-01T15:29:15Z,102.4,0.012,0.006,0.0,6.0,color,,,0,
2026-10-01T15:31:39Z,C0151303,2026-10-01T15:28:51Z,99.1,0.018,0.007,0.001,20.9,color,,,0,
2026-10-01T15:31:39Z,C0151309,2026-10-01T15:29:03Z,108.3,0.043,0.04,0.0,7.2,color,,,0,
2026-10-01T15:31:39Z,C0152301,2026-10-01T15:29:16Z,106.7,0.049,0.029,0.013,22.8,color,,,0,
2026-10-01T15:31:39Z,C0152302,2026-10-01T15:28:52Z,113.0,0.036,0.025,0.006,15.4,color,,,0,
2026-10-01T15:31:39Z,C0152309,2026-10-01T15:29:04Z,101.8,0.068,0.061,0.0,6.5,color,,,0,
2026-10-01T15:31:39Z,C0153201,2026-10-01T15:24:45Z,119.8,0.161,0.034,0.0,33.2,color,,,0,
2026-10-01T15:31:39Z,C0153202,2026-10-01T15:24:34Z,133.9,0.315,0.129,0.0,36.8,color,,,0,
2026-10-01T15:31:39Z,C0153203,2026-10-01T15:23:59Z,116.4,0.426,0.12,0.027,23.7,color,,,0,
2026-10-01T15:31:39Z,C0153204,2026-10-01T15:24:23Z,137.9,0.582,0.06,0.001,30.6,color,,,0,
2026-10-01T15:31:39Z,C0153209,2026-10-01T15:24:11Z,113.7,0.06,0.004,0.0,10.7,color,,,0,
2026-10-01T15:31:39Z,C0153300,2026-10-01T15:26:09Z,119.2,0.032,0.011,0.0,12.1,color,,,0,
2026-10-01T15:31:39Z,C0153501,2026-10-01T15:31:26Z,99.0,0.035,0.022,0.021,11.9,color,,,0,
2026-10-01T15:31:39Z,C0153502,2026-10-01T15:22:03Z,85.8,0.007,0.001,0.0,18.3,color,,,0,
2026-10-01T15:31:39Z,C0153503,2026-10-01T15:31:15Z,112.6,0.211,0.075,0.013,25.1,color,,,0,
2026-10-01T15:31:39Z,C0153504,2026-10-01T15:21:39Z,106.3,0.039,0.024,0.001,26.8,color,,,0,
2026-10-01T15:31:39Z,C0153509,2026-10-01T15:21:51Z,126.9,0.248,0.234,0.004,8.8,color,,,0,
2026-10-01T15:31:39Z,C0155500,2026-10-01T15:26:35Z,103.6,0.008,0.002,0.0,36.1,color,,,0,
2026-10-01T15:31:39Z,C0157300,2026-10-01T15:29:44Z,89.4,0.001,0.0,0.0,24.7,color,,,0,
2026-10-01T15:31:39Z,C0157400,2026-10-01T15:23:38Z,100.2,0.005,0.0,0.0,11.3,color,,,0,
2026-10-01T15:31:39Z,C0157500,2026-10-01T15:25:39Z,108.7,0.026,0.011,0.0,22.9,color,,,0,
2026-10-01T15:31:39Z,C0157600,2026-10-01T15:29:44Z,107.8,0.004,0.0,0.0,11.6,color,,,0,
2026-10-01T15:31:39Z,C0157700,2026-10-01T15:25:39Z,98.9,0.007,0.002,0.0,28.4,color,,,0,
2026-10-01T15:31:39Z,C0157800,2026-10-01T15:27:42Z,111.2,0.038,0.023,0.0,13.6,color,,,0,
2026-10-01T15:31:39Z,C0157900,2026-10-01T15:27:35Z,106.0,0.001,0.001,0.0,16.2,color,,,0,
2026-10-01T15:31:39Z,C0158000,2026-10-01T15:21:53Z,108.9,0.024,0.009,0.0,24.4,color,,,0,
2026-10-01T15:31:39Z,C0158101,2026-10-01T15:28:51Z,111.3,0.006,0.002,0.0,15.2,color,,,0,
2026-10-01T15:31:39Z,C0158200,2026-10-01T15:24:11Z,104.9,0.006,0.0,0.0,32.2,color,,,0,
2026-10-01T15:31:39Z,C0158700,2026-10-01T15:25:38Z,117.3,0.024,0.009,0.0,9.9,color,,,0,
2026-10-01T15:31:39Z,C0159000,2026-10-01T15:31:03Z,110.2,0.043,0.021,0.001,14.1,color,,,0,
2026-10-01T15:31:39Z,C0165000,2026-10-01T15:26:32Z,101.5,0.001,0.0,0.0,18.7,color,,,0,
2026-10-01T15:31:39Z,C0165100,2026-10-01T15:21:47Z,94.5,0.006,0.0,0.0,7.2,color,,,0,
2026-10-01T15:31:39Z,C0165500,2026-10-01T15:22:58Z,127.6,0.278,0.05,0.0,29.0,color,,,0,
2026-10-01T15:31:39Z,C0165600,2026-10-01T15:31:08Z,118.2,0.036,0.011,0.0,12.5,color,,,0,
2026-10-01T15:31:39Z,C0165700,2026-10-01T15:27:36Z,115.5,0.038,0.007,0.0,20.9,color,,,0,
2026-10-01T15:31:39Z,C0165801,2026-10-01T15:23:01Z,166.9,0.868,0.433,0.0,15.3,color,,,1,
2026-10-01T15:31:39Z,C0165802,2026-10-01T15:22:50Z,161.9,0.824,0.293,0.0,27.9,color,,,0,
2026-10-01T15:31:39Z,C0165809,2026-10-01T15:22:39Z,167.9,0.928,0.404,0.0,7.1,color,,,1,
2026-10-01T15:31:39Z,C0168000,2026-10-01T15:28:29Z,113.1,0.039,0.022,0.0,10.3,color,,,0,
2026-10-01T15:31:39Z,C0171301,2026-10-01T15:31:30Z,158.7,0.505,0.179,0.001,23.0,color,,,0,
2026-10-01T15:31:39Z,C0171302,2026-10-01T15:30:57Z,145.5,0.385,0.058,0.0,16.6,color,,,0,
2026-10-01T15:31:39Z,C0171309,2026-10-01T15:31:19Z,95.6,0.003,0.0,0.0,4.5,ir,,,0,
