t,meps6_t,meps12_t,meps24_t,ec6_t,ec12_t,ec24_t
2026-10-07T13:02:29Z,8.5,5.3,12.3,8.1,5.4,11.9
2026-10-07T14:29:50Z,7.8,5.5,12.3,7.4,5.5,12
2026-10-07T17:04:11Z,6.1,6.9,12.2,5.7,7.2,12.1
2026-10-07T17:29:08Z,6.1,6.9,12.2,5.7,7.2,12.1
2026-10-07T19:28:34Z,5.5,8.8,12.4,5.4,9,12.1
2026-10-07T20:28:13Z,5.8,9.6,12.3,5.6,10.1,12.3
2026-10-07T21:28:00Z,6.8,11.3,12.1,5.8,11.2,12.2
2026-10-07T22:25:26Z,7.1,11.8,12,6.5,11.4,12.1
2026-10-07T23:23:41Z,6.8,11.3,11.6,7.2,11.7,12
2026-10-08T01:02:02Z,8.6,12.3,12,9,12,12
2026-10-08T01:28:05Z,8.6,12.3,12,9,12,12
2026-10-08T02:25:55Z,9.1,12.3,11.8,10.1,12.1,12
2026-10-08T03:28:28Z,9.6,11.8,11.7,11.2,12.1,12.1
2026-10-08T04:28:54Z,10.6,11.8,11.7,11.4,12.2,12.1
2026-10-08T05:28:18Z,10.7,11.8,11.8,11.7,12.3,12.1
2026-10-08T07:01:32Z,11.8,11.7,11.7,12,12.4,12.3
2026-10-08T09:29:43Z,11.6,11.4,12.1,11.5,11.5,12.6
2026-10-08T11:28:54Z,11.8,11.6,12.5,11.7,11.4,13.2
2026-10-08T13:02:09Z,11.8,11.8,11.3,11.7,11.5,12.8
2026-10-08T17:28:28Z,11.8,11.6,10,11.4,11.6,10.4
2026-10-08T19:28:54Z,11.9,11.6,9.3,11.5,11.9,9.3
2026-10-08T21:28:33Z,11.8,12.4,9.2,11.7,12.5,8.7
2026-10-08T22:27:56Z,11.7,12.3,9.3,11.7,12,8.4
2026-10-08T23:26:46Z,11.8,11.4,7.8,11.8,11.5,8.1
2026-10-09T01:04:12Z,11.7,10.8,6.1,12,10.8,7.2
2026-10-09T01:29:24Z,11.7,10.8,6.1,12,10.8,7.2
2026-10-09T02:26:31Z,12,10.8,5.5,12.3,10.6,6.7
2026-10-09T03:28:53Z,12.5,10.9,5.7,12.5,10.4,6.1
2026-10-09T04:29:28Z,12.2,10.8,5.3,12,10.1,6.1
2026-10-09T05:28:53Z,11.4,10.5,5.1,11.5,9.8,6
2026-10-09T07:02:06Z,11,10,4.4,10.8,9.2,6.1
2026-10-09T11:27:22Z,10.8,9.3,5.6,10.4,7.6,6.9
2026-10-09T13:00:38Z,10,7.9,5.8,9.7,6.5,7.2
2026-10-09T15:28:50Z,10,6.3,5.6,9.3,6,7.1
2026-10-09T16:28:52Z,9.8,5.9,5.4,8.4,6,6.8
2026-10-09T17:26:19Z,9.5,5.4,5.1,7.6,5.9,6.5
