t,st,tr,ta,td,tf,salt,water,snow,ice,fric,keli,warn,ws,seg,fc_obs,fc2,fc4,fc6,fc12,c2,c4,c6,c12,f2_t,f2_td,f2_p,f2_cc,f2_sym,f6_t,f6_td,f6_p,f6_cc,f6_sym,f12_t,f12_td,f12_p,f12_cc,f12_sym,salted1h,plowed1h
2026-10-01T00:40:31Z,1004,5.1,4.3,4.3,0,0,0,0,0,0.82,1,0,0.5,00004_103_01500_2_0,6.6,6,7,9,22,,,,,6.36,5.93,0,53.3,2,8.44,8.23,0,41.5,1,15.03,10.03,0,11.3,1,0,0
2026-10-01T00:40:31Z,1005,4.7,2.5,2.5,0,0,0,0,0,0.82,2,0,0.2,00004_107_03311_2_0,6,5,5,8,22,,,,,6.36,5.93,0,53.3,2,8.44,8.23,0,41.5,1,15.03,10.03,0,11.3,1,0,0
2026-10-01T00:40:31Z,1011,3.7,3,2.7,0,0,0,0,0,0.82,1,0,0.5,00007_004_00000_1_0,5.3,6,6,9,22,,,,,6.36,5.93,0,53.3,2,8.44,8.23,0,41.5,1,15.03,10.03,0,11.3,1,0,0
2026-10-01T00:40:31Z,1034,5.2,4.7,4.3,0,0,0,0,0,0.82,1,0,0.4,00003_101_04584_2_0,6.8,6,6,9,22,,,,,6.36,5.93,0,53.3,2,8.44,8.23,0,41.5,1,15.03,10.03,0,11.3,1,0,0
2026-10-01T00:40:31Z,1036,4.9,4.3,4.2,0,0,0,0,0,0.82,1,0,0.3,00045_003_02863_1_0,6.4,6,6,8,22,,,,,6.36,5.93,0,53.3,2,8.44,8.23,0,41.5,1,15.03,10.03,0,11.3,1,0,0
2026-10-01T00:40:31Z,1041,4.2,2.7,2.7,0,0,0,0,0,0.82,1,0,0.3,00003_103_03567_2_0,6.4,6,6,8,22,,,,,6.36,5.93,0,53.3,2,8.44,8.23,0,41.5,1,15.03,10.03,0,11.3,1,0,0
2026-10-01T00:40:31Z,1084,5.9,4.4,4.2,0,0,0,0,0,0.82,1,0,,00050_007_00064_2_0,6.5,6,6,9,22,,,,,6.36,5.93,0,53.3,2,8.44,8.23,0,41.5,1,15.03,10.03,0,11.3,1,0,0
2026-10-01T00:40:31Z,1085,5.6,5,4.3,0,0,0,0,0,0.82,1,0,0.3,00050_007_00064_2_0,6.5,6,6,9,22,,,,,6.36,5.93,0,53.3,2,8.44,8.23,0,41.5,1,15.03,10.03,0,11.3,1,0,0
2026-10-01T00:40:31Z,1115,3.1,2.7,2.5,0,0,0,0,0,0.82,1,0,0.1,00007_002_01814_1_0,6,6,7,9,22,,,,,6.36,5.93,0,53.3,2,8.44,8.23,0,41.5,1,15.03,10.03,0,11.3,1,0,0
2026-10-01T00:40:31Z,1117,4.2,1.6,1.3,0,0,,,,,1,0,2,00148_004_00000_0_0,4.8,5,4,6,24,,,,,6.36,5.93,0,53.3,2,8.44,8.23,0,41.5,1,15.03,10.03,0,11.3,1,0,0
2026-10-01T01:30:15Z,1004,5,4.3,4.3,0,0,0,0,0,0.82,1,0,0.3,00004_103_01500_2_0,6.2,6,7,12,21,,,,,6.1,5.75,0,65.2,2,10.16,9.87,0,15.4,3,14.92,10.8,0,14.7,1,0,0
2026-10-01T01:30:15Z,1005,4.4,2.3,2.2,0,0,0,0,0,0.82,2,0,0.5,00004_107_03311_2_0,5.7,4,5,11,21,,,,,6.1,5.75,0,65.2,2,10.16,9.87,0,15.4,3,14.92,10.8,0,14.7,1,0,0
2026-10-01T01:30:15Z,1011,3.7,3.1,2.7,0,0,0,0,0,0.82,1,0,0.3,00007_004_00000_1_0,5.1,6,6,11,21,,,,,6.1,5.75,0,65.2,2,10.16,9.87,0,15.4,3,14.92,10.8,0,14.7,1,0,0
2026-10-01T01:30:15Z,1034,5.1,4.9,4.6,0,0,0,0,0,0.82,1,0,0.4,00003_101_04584_2_0,6.5,6,6,12,21,,,,,6.1,5.75,0,65.2,2,10.16,9.87,0,15.4,3,14.92,10.8,0,14.7,1,0,0
2026-10-01T01:30:15Z,1036,4.9,4.2,4.1,0,0,0,0,0,0.82,1,0,0.2,00045_003_02863_1_0,6.1,5,6,11,21,,,,,6.1,5.75,0,65.2,2,10.16,9.87,0,15.4,3,14.92,10.8,0,14.7,1,0,0
2026-10-01T01:30:15Z,1041,4,2.5,2.5,0,0,0,0,0,0.82,1,0,0.2,00003_103_03567_2_0,6.2,5,5,11,21,,,,,6.1,5.75,0,65.2,2,10.16,9.87,0,15.4,3,14.92,10.8,0,14.7,1,0,0
2026-10-01T01:30:15Z,1084,5.7,4.2,4,0,0,0,0,0,0.82,1,0,,00050_007_00064_2_0,6.2,5,6,12,21,,,,,6.1,5.75,0,65.2,2,10.16,9.87,0,15.4,3,14.92,10.8,0,14.7,1,0,0
2026-10-01T01:30:15Z,1085,5.4,4.4,3.7,0,0,0,0,0,0.82,1,0,0.2,00050_007_00064_2_0,6.2,5,6,12,21,,,,,6.1,5.75,0,65.2,2,10.16,9.87,0,15.4,3,14.92,10.8,0,14.7,1,0,0
2026-10-01T01:30:15Z,1115,3,2.6,2.4,0,0,0,0,0,0.82,1,0,0.2,00007_002_01814_1_0,5.7,5,7,12,21,,,,,6.1,5.75,0,65.2,2,10.16,9.87,0,15.4,3,14.92,10.8,0,14.7,1,0,0
2026-10-01T01:30:15Z,1117,4,1.7,1.4,0,0,,,,,1,0,1.4,00148_004_00000_0_0,4.6,4,4,10,23,,,,,6.1,5.75,0,65.2,2,10.16,9.87,0,15.4,3,14.92,10.8,0,14.7,1,0,0
