t,seg,road,obs_tr,obs_c,fc2,fc4,fc6,fc12,c2,c4,c6,c12,st,st_d
2026-10-01T05:23:08Z,00003_101_00000_1_0,3,7.8,,12,18,22,11,,,,,1034,1713
2026-10-01T05:23:08Z,00003_101_04517_2_0,3,7.4,,12,18,21,11,,,,,1034,2278
2026-10-01T05:23:08Z,00003_101_04584_2_0,3,7.1,,12,18,22,11,,,,,1034,1209
2026-10-01T05:23:08Z,00003_102_00000_1_0,3,6.5,,11,17,21,11,,,,,1034,5298
2026-10-01T05:23:08Z,00003_102_00060_1_0,3,6.6,,11,18,21,11,,,,,1041,4737
2026-10-01T05:23:08Z,00003_103_00000_1_0,3,6.5,,11,18,22,11,,,,,1041,3685
2026-10-01T05:23:08Z,00003_103_00133_2_0,3,6.4,,11,18,22,11,,,,,1041,3988
2026-10-01T05:23:08Z,00003_103_01249_1_0,3,6.3,,11,18,22,11,,,,,1041,1722
2026-10-01T05:23:08Z,00003_103_01886_2_0,3,6.1,,11,17,21,11,,,,,1041,1884
2026-10-01T05:23:08Z,00003_103_03567_2_0,3,6.3,,11,18,21,11,,,,,1041,568
2026-10-01T05:23:08Z,00003_103_06084_2_0,3,6.1,,11,17,21,11,,,,,1041,1936
2026-10-01T05:23:08Z,00003_103_06143_2_0,3,6.2,,11,18,22,11,,,,,1041,2578
2026-10-01T05:23:08Z,00003_104_00000_1_0,3,6.1,,11,18,22,11,,,,,1041,5130
2026-10-01T05:23:08Z,00003_104_02340_2_0,3,6,,11,18,22,11,,,,,1041,6784
2026-10-01T05:23:08Z,00003_104_04552_1_0,3,5.9,,11,17,22,11,,,,,1041,8674
2026-10-01T05:23:08Z,00003_104_06619_2_0,3,5.5,,10,17,22,11,,,,,1041,11790
2026-10-01T05:23:08Z,00003_104_09338_1_0,3,5.3,,10,17,22,11,,,,,1041,12297
2026-10-01T05:23:08Z,00003_106_00000_1_0,3,5.4,,10,17,22,11,,,,,1041,14527
2026-10-01T05:23:08Z,00003_106_01833_2_0,3,5.5,,10,17,22,11,,,,,1005,16632
2026-10-01T05:23:08Z,00004_101_00000_1_0,4,8.2,,11,17,21,12,,,,,1034,6130
2026-10-01T05:23:08Z,00004_101_01964_2_0,4,7.9,,11,17,21,12,,,,,1034,6543
2026-10-01T05:23:08Z,00004_101_03169_2_0,4,7.8,,12,18,22,12,,,,,1034,5047
2026-10-01T05:23:08Z,00004_101_03864_1_0,4,8,,12,18,21,12,,,,,1034,6099
2026-10-01T05:23:08Z,00004_102_00000_1_0,4,6.9,,12,18,21,12,,,,,1004,4176
2026-10-01T05:23:08Z,00004_102_00400_1_0,4,6.8,,12,18,21,11,,,,,1004,3931
2026-10-01T05:23:08Z,00004_102_02549_1_0,4,6.6,,12,18,21,12,,,,,1004,2968
2026-10-01T05:23:08Z,00004_103_00000_1_0,4,6.6,,12,18,22,12,,,,,1004,2098
2026-10-01T05:23:08Z,00004_103_01500_2_0,4,6.5,,11,18,22,12,,,,,1004,919
2026-10-01T05:23:08Z,00004_103_03379_2_0,4,6.3,,11,17,22,12,,,,,1004,1325
2026-10-01T05:23:08Z,00004_104_00000_1_0,4,6.5,,11,18,21,12,,,,,1004,2840
2026-10-01T05:23:08Z,00004_104_00162_1_0,4,6.4,,11,17,21,11,,,,,1004,2759
2026-10-01T05:23:08Z,00004_104_01537_2_0,4,6.5,,11,18,22,11,,,,,1085,4609
2026-10-01T05:23:08Z,00004_105_00000_1_0,4,6.3,,11,17,21,11,,,,,1085,5178
2026-10-01T05:23:08Z,00004_105_00064_1_0,4,6.4,,11,18,22,11,,,,,1085,5807
2026-10-01T05:23:08Z,00004_105_01800_1_0,4,6.4,,11,18,22,11,,,,,1036,6726
2026-10-01T05:23:08Z,00004_106_00000_1_0,4,6.1,,11,17,21,11,,,,,1036,6748
2026-10-01T05:23:08Z,00004_106_00067_1_0,4,6,,11,18,22,11,,,,,1005,6561
2026-10-01T05:23:08Z,00004_106_02383_2_0,4,4.9,,10,17,21,11,,,,,1005,5371
2026-10-01T05:23:08Z,00004_106_04878_1_0,4,4.5,,9,17,21,11,,,,,1005,4291
2026-10-01T05:23:08Z,00004_107_00000_1_0,4,4.6,,9,17,21,11,,,,,1005,2617
2026-10-01T05:23:08Z,00004_107_00042_1_0,4,4.8,,10,17,22,11,,,,,1005,1499
2026-10-01T05:23:08Z,00004_107_03311_2_0,4,4.7,,10,17,22,11,,,,,1005,1098
2026-10-01T05:23:08Z,00004_107_05874_2_0,4,4.7,,10,17,22,11,,,,,1005,2438
2026-10-01T05:23:08Z,00004_107_07483_2_0,4,4.5,,9,17,21,11,,,,,1005,3123
2026-10-01T05:23:08Z,00004_108_00000_1_0,4,4.6,,9,17,21,11,,,,,1005,4889
2026-10-01T05:23:08Z,00004_108_00032_2_0,4,4.7,,9,17,22,11,,,,,1005,3706
2026-10-01T05:23:08Z,00004_108_01501_2_0,4,4.9,,10,17,22,11,,,,,1005,5773
2026-10-01T05:23:08Z,00004_108_03381_2_0,4,5.3,,10,17,22,11,,,,,1005,7387
2026-10-01T05:23:08Z,00004_109_00000_1_0,4,5.6,,10,17,22,11,,,,,1005,8746
2026-10-01T05:23:08Z,00007_001_00000_1_0,7,6.3,,11,18,22,12,,,,,1004,1116
2026-10-01T05:23:08Z,00007_001_01615_1_0,7,6.3,,11,18,22,12,,,,,1004,2610
2026-10-01T05:23:08Z,00007_002_00000_1_0,7,6.1,,10,17,21,11,,,,,1115,2324
2026-10-01T05:23:08Z,00007_002_00060_2_0,7,6.3,,11,17,21,12,,,,,1115,2175
2026-10-01T05:23:08Z,00007_002_01814_1_0,7,5.8,,10,17,21,11,,,,,1115,1718
2026-10-01T05:23:08Z,00007_003_00000_1_0,7,5.5,,10,17,21,11,,,,,1011,4185
2026-10-01T05:23:08Z,00007_003_02642_2_0,7,5.3,,10,16,21,11,,,,,1011,3111
2026-10-01T05:23:08Z,00007_004_00000_1_0,7,5.3,,10,16,21,11,,,,,1011,304
2026-10-01T05:23:08Z,00007_004_02103_2_0,7,4.8,,10,16,20,11,,,,,1011,209
2026-10-01T05:23:08Z,00007_004_02440_2_0,7,4.7,,10,16,21,11,,,,,1011,1429
2026-10-01T05:23:08Z,00045_001_00000_1_0,45,7.9,,12,18,22,12,,,,,1034,3640
2026-10-01T05:23:08Z,00045_001_00231_1_0,45,7.9,,12,18,21,12,,,,,1034,5546
2026-10-01T05:23:08Z,00045_001_03374_2_0,45,7.4,,12,18,22,12,,,,,1034,2391
2026-10-01T05:23:08Z,00045_001_04364_2_0,45,7.2,,12,18,21,11,,,,,1034,2381
2026-10-01T05:23:08Z,00045_002_00000_1_0,45,7.1,,12,18,21,11,,,,,1034,2059
2026-10-01T05:23:08Z,00045_002_01538_2_0,45,6.8,,12,18,22,12,,,,,1034,3681
2026-10-01T05:23:08Z,00045_002_04448_1_0,45,6.6,,11,18,21,11,,,,,1084,2899
2026-10-01T05:23:08Z,00045_002_04831_1_0,45,6.8,,12,18,22,11,,,,,1084,1450
2026-10-01T05:23:08Z,00045_003_00000_1_0,45,6.7,,11,18,22,11,,,,,1036,1770
2026-10-01T05:23:08Z,00045_003_02361_2_0,45,6.5,,11,18,22,11,,,,,1036,1482
2026-10-01T05:23:08Z,00045_003_02863_1_0,45,6.6,,11,18,22,11,,,,,1036,891
2026-10-01T05:23:08Z,00045_003_06436_2_0,45,6.6,,11,18,22,11,,,,,1036,4178
2026-10-01T05:23:08Z,00045_003_07072_2_0,45,6.4,,11,18,22,11,,,,,1036,3214
2026-10-01T05:23:08Z,00045_004_00000_1_0,45,6.4,,11,18,22,11,,,,,1036,7181
2026-10-01T05:23:08Z,00045_005_00000_1_0,45,5.9,,11,18,22,11,,,,,1005,6690
2026-10-01T05:23:08Z,00045_005_00192_2_0,45,5.7,,10,17,22,11,,,,,1005,6683
2026-10-01T05:23:08Z,00045_005_00199_1_0,45,5.6,,11,18,23,11,,,,,1005,6847
2026-10-01T05:23:08Z,00045_005_00375_0_0,45,5.7,,10,17,22,11,,,,,1005,6705
2026-10-01T05:23:08Z,00045_006_00000_1_0,45,5.2,,10,18,23,11,,,,,1005,6841
2026-10-01T05:23:08Z,00045_006_00826_0_0,45,4.7,,10,17,22,11,,,,,1005,7367
2026-10-01T05:23:08Z,00045_007_00000_0_0,45,5,,10,18,23,11,,,,,1005,11260
2026-10-01T05:23:08Z,00045_007_04787_0_0,45,5.2,,10,18,23,11,,,,,1005,13029
2026-10-01T05:23:08Z,00050_001_00091_0_0,50,5.9,,10,17,22,12,,,,,1034,22640
2026-10-01T05:23:08Z,00050_001_04047_0_0,50,6.5,,10,18,22,12,,,,,1034,19124
2026-10-01T05:23:08Z,00050_001_04877_0_0,50,6.1,,10,17,21,11,,,,,1034,19939
2026-10-01T05:23:08Z,00050_001_08186_0_0,50,6.4,,10,17,22,11,,,,,1034,16846
2026-10-01T05:23:08Z,00050_001_09888_1_0,50,6.5,,10,17,22,11,,,,,1034,15005
2026-10-01T05:23:08Z,00050_001_11783_2_0,50,6.4,,10,17,21,11,,,,,1034,14557
2026-10-01T05:23:08Z,00050_003_00000_1_0,50,6.6,,11,17,21,11,,,,,1034,13420
2026-10-01T05:23:08Z,00050_003_00129_2_0,50,6.6,,11,17,21,11,,,,,1034,12067
2026-10-01T05:23:08Z,00050_003_02900_2_0,50,6.5,,11,18,21,11,,,,,1034,11433
2026-10-01T05:23:08Z,00050_004_00000_1_0,50,6.2,,11,17,21,11,,,,,1041,7973
2026-10-01T05:23:08Z,00050_004_00705_1_0,50,6.2,,11,17,21,11,,,,,1041,9611
2026-10-01T05:23:08Z,00050_004_03330_1_0,50,6.1,,11,18,21,11,,,,,1041,6260
2026-10-01T05:23:08Z,00050_005_00000_1_0,50,6.5,,11,18,21,11,,,,,1041,4038
2026-10-01T05:23:08Z,00050_005_01790_2_0,50,6.4,,11,17,21,11,,,,,1041,4131
2026-10-01T05:23:08Z,00050_006_00000_1_0,50,6.5,,11,18,21,11,,,,,1041,4073
2026-10-01T05:23:08Z,00050_006_00031_1_0,50,6.7,,12,18,22,11,,,,,1041,4096
2026-10-01T05:23:08Z,00050_006_02508_2_0,50,6.7,,11,18,22,11,,,,,1084,3150
2026-10-01T05:23:08Z,00050_006_03458_2_0,50,6.5,,11,18,21,11,,,,,1084,4608
2026-10-01T05:23:08Z,00050_006_06893_1_0,50,6.7,,12,18,22,12,,,,,1084,1334
2026-10-01T05:23:08Z,00050_007_00000_1_0,50,6.6,,11,18,21,11,,,,,1084,466
2026-10-01T05:23:08Z,00050_007_00064_2_0,50,6.7,,12,18,22,12,,,,,1085,366
2026-10-01T05:23:08Z,00050_007_02552_1_0,50,6.6,,11,17,22,12,,,,,1004,2988
2026-10-01T05:23:08Z,00050_007_03226_2_0,50,6.5,,11,18,21,11,,,,,1085,1176
2026-10-01T05:23:08Z,00050_008_00000_1_0,50,6.4,,11,17,21,12,,,,,1115,2372
2026-10-01T05:23:08Z,00050_008_00276_2_0,50,6.2,,11,17,21,11,,,,,1004,2843
2026-10-01T05:23:08Z,00100_001_00000_1_0,100,7.7,,12,18,22,12,,,,,1034,3042
2026-10-01T05:23:08Z,00100_001_00212_2_0,100,7.7,,12,18,22,12,,,,,1034,2319
2026-10-01T05:23:08Z,00100_001_00825_1_0,100,7.6,,11,18,21,11,,,,,1034,2913
2026-10-01T05:23:08Z,00101_001_00000_1_0,101,7.7,,11,17,21,11,,,,,1034,8032
2026-10-01T05:23:08Z,00101_001_00134_1_0,101,7.8,,11,18,22,12,,,,,1034,7622
2026-10-01T05:23:08Z,00101_001_00530_1_0,101,7.7,,11,18,22,11,,,,,1034,7430
2026-10-01T05:23:08Z,00101_002_00000_1_0,101,7.7,,11,18,22,11,,,,,1034,6059
2026-10-01T05:23:08Z,00101_002_03928_2_0,101,7.5,,11,18,21,11,,,,,1034,5431
2026-10-01T05:23:08Z,00101_003_00000_1_0,101,7.6,,11,17,21,11,,,,,1034,5418
2026-10-01T05:23:08Z,00101_003_00024_1_0,101,7.7,,12,18,21,11,,,,,1034,5215
2026-10-01T05:23:08Z,00101_004_00000_1_0,101,7.5,,12,18,21,11,,,,,1034,5049
2026-10-01T05:23:08Z,00101_004_00146_2_0,101,7.6,,12,18,22,11,,,,,1034,3413
2026-10-01T05:23:08Z,00101_004_00283_1_0,101,7.6,,12,18,22,12,,,,,1034,4969
2026-10-01T05:23:08Z,00101_005_00000_1_0,101,7.5,,12,18,22,12,,,,,1034,2469
2026-10-01T05:23:08Z,00101_005_00099_1_0,101,7.6,,12,18,22,12,,,,,1034,2369
2026-10-01T05:23:08Z,00101_006_00000_1_0,101,7.4,,12,18,21,12,,,,,1034,798
2026-10-01T05:23:08Z,00101_006_00085_1_0,101,7.3,,12,18,22,12,,,,,1034,2447
2026-10-01T05:23:08Z,00101_007_00000_1_0,101,6.8,,12,18,21,12,,,,,1034,2949
2026-10-01T05:23:08Z,00101_007_00049_2_0,101,6.9,,12,18,22,12,,,,,1004,4354
2026-10-01T05:23:08Z,00101_007_02789_2_0,101,6.6,,12,18,22,12,,,,,1004,2698
2026-10-01T05:23:08Z,00101_008_00000_1_0,101,6.3,,11,17,21,12,,,,,1004,2520
2026-10-01T05:23:08Z,00101_008_00070_2_0,101,6.5,,11,18,21,12,,,,,1004,2012
2026-10-01T05:23:08Z,00101_008_02374_2_0,101,6.5,,11,17,21,12,,,,,1004,3509
2026-10-01T05:23:08Z,00103_001_00000_1_0,103,6.1,,10,18,23,12,,,,,1115,2207
2026-10-01T05:23:08Z,00103_001_02410_2_0,103,6.1,,10,17,22,12,,,,,1115,3612
2026-10-01T05:23:08Z,00130_001_00000_1_0,130,6.7,,11,19,23,12,,,,,1041,3863
2026-10-01T05:23:08Z,00130_001_00544_0_0,130,6.5,,11,19,23,12,,,,,1041,1753
2026-10-01T05:23:08Z,00130_001_01231_0_0,130,6.4,,11,18,23,11,,,,,1041,2923
2026-10-01T05:23:08Z,00130_002_00000_0_0,130,6.5,,11,18,23,12,,,,,1041,1960
2026-10-01T05:23:08Z,00130_002_01197_0_0,130,6.2,,10,18,22,11,,,,,1041,581
2026-10-01T05:23:08Z,00130_003_00000_0_0,130,6.3,,11,18,23,11,,,,,1041,5317
2026-10-01T05:23:08Z,00130_003_02196_0_0,130,6,,11,18,23,11,,,,,1041,6572
2026-10-01T05:23:08Z,00130_004_00000_0_0,130,5.9,,11,18,23,11,,,,,1041,9725
2026-10-01T05:23:08Z,00130_004_02530_0_0,130,5.6,,11,19,24,12,,,,,1041,12449
2026-10-01T05:23:08Z,00130_005_00000_0_0,130,5.4,,10,17,22,11,,,,,1041,14671
2026-10-01T05:23:08Z,00130_005_00061_0_0,130,5.6,,10,18,23,11,,,,,1005,16464
2026-10-01T05:23:08Z,00130_005_04540_0_0,130,5.4,,10,18,23,11,,,,,1005,17510
2026-10-01T05:23:08Z,00135_001_00000_1_0,135,6.5,,11,18,22,11,,,,,1084,2402
2026-10-01T05:23:08Z,00135_001_00118_2_0,135,6.7,,11,18,23,11,,,,,1084,2556
2026-10-01T05:23:08Z,00138_001_00000_1_0,138,6.7,,11,18,23,11,,,,,1036,2284
2026-10-01T05:23:08Z,00138_001_00014_2_0,138,6.5,,11,18,22,11,,,,,1036,2284
2026-10-01T05:23:08Z,00140_004_00000_1_0,140,6.4,,11,18,23,12,,,,,1004,2919
2026-10-01T05:23:08Z,00140_004_00509_0_0,140,6.4,,11,19,24,12,,,,,1085,4760
2026-10-01T05:23:08Z,00140_005_00000_0_0,140,6.3,,11,18,23,12,,,,,1036,6499
2026-10-01T05:23:08Z,00140_005_03305_0_0,140,5.9,,10,18,23,11,,,,,1117,7532
2026-10-01T05:23:08Z,00140_005_07675_0_0,140,5.1,,10,17,23,11,,,,,1005,5443
2026-10-01T05:23:08Z,00140_005_11102_0_0,140,4.8,,9,17,22,11,,,,,1005,2624
2026-10-01T05:23:08Z,00140_005_13082_0_0,140,5,,10,18,23,11,,,,,1005,2632
2026-10-01T05:23:08Z,00140_008_00000_0_0,140,5.5,,10,18,23,11,,,,,1005,8139
2026-10-01T05:23:08Z,00145_001_00000_1_0,145,5.6,,10,18,22,11,,,,,1005,6214
2026-10-01T05:23:08Z,00145_001_01070_0_0,145,5.1,,10,17,22,11,,,,,1005,5513
2026-10-01T05:23:08Z,00145_002_00000_0_0,145,4.8,,10,17,23,11,,,,,1005,3272
2026-10-01T05:23:08Z,00145_002_04956_1_0,145,4.7,,9,17,23,11,,,,,1005,3938
2026-10-01T05:23:08Z,00145_003_00000_1_0,145,4.8,,9,17,22,11,,,,,1005,3809
2026-10-01T05:23:08Z,00145_003_00029_2_0,145,4.5,,9,17,22,11,,,,,1005,3769
2026-10-01T05:23:08Z,00145_003_00782_0_0,145,4.8,,9,17,23,11,,,,,1005,3593
2026-10-01T05:23:08Z,00145_004_00000_1_0,145,5,,10,18,23,11,,,,,1005,3148
2026-10-01T05:23:08Z,00145_004_00937_0_0,145,5,,10,18,23,11,,,,,1005,2918
2026-10-01T05:23:08Z,00148_001_00000_1_0,148,5.2,,10,18,23,11,,,,,1005,3711
2026-10-01T05:23:08Z,00148_001_00135_0_0,148,5.4,,10,18,23,11,,,,,1005,5580
2026-10-01T05:23:08Z,00148_001_01984_0_0,148,5.3,,10,18,22,11,,,,,1005,4381
2026-10-01T05:23:08Z,00148_003_00000_1_0,148,5,,10,18,23,11,,,,,1005,4443
2026-10-01T05:23:08Z,00148_003_00692_0_0,148,4.9,,10,17,23,11,,,,,1005,5238
2026-10-01T05:23:08Z,00148_003_02753_0_0,148,4.5,,10,17,23,11,,,,,1117,3790
2026-10-01T05:23:08Z,00148_004_00000_0_0,148,4.3,,9,17,23,11,,,,,1117,1232
2026-10-01T05:23:08Z,00148_005_00000_0_0,148,4.2,,9,17,23,11,,,,,1117,4118
2026-10-01T05:23:08Z,00148_006_00000_0_0,148,4,,9,17,23,11,,,,,1117,5046
2026-10-01T05:23:08Z,00148_006_06129_0_0,148,3.8,,9,17,23,11,,,,,1011,10061
2026-10-01T05:23:08Z,00152_001_00000_0_0,152,6.6,,11,18,23,11,,,,,1036,3635
2026-10-01T05:23:08Z,00152_001_00159_0_0,152,6.5,,11,18,22,11,,,,,1036,2330
2026-10-01T05:23:08Z,00152_001_02836_0_0,152,6.5,,11,18,23,11,,,,,1036,5505
2026-10-01T05:23:08Z,00152_001_06130_1_0,152,6.4,,11,18,23,11,,,,,1036,6871
2026-10-01T05:23:08Z,00152_001_06964_0_0,152,5.8,,10,17,22,11,,,,,1036,7550
2026-10-01T05:23:08Z,00170_001_00000_1_0,170,7.7,,11,17,22,12,,,,,1034,7397
2026-10-01T05:23:08Z,00170_001_00435_1_0,170,7.5,,11,17,22,12,,,,,1034,6301
2026-10-01T05:23:08Z,00170_002_00000_1_0,170,6.8,,11,18,22,12,,,,,1004,6289
2026-10-01T05:23:08Z,00170_002_01548_2_0,170,6.5,,11,17,22,12,,,,,1004,4949
2026-10-01T05:23:08Z,00170_003_00000_1_0,170,6.4,,11,18,22,12,,,,,1004,4150
2026-10-01T05:23:08Z,00170_003_00339_2_0,170,6.2,,11,17,22,12,,,,,1004,4377
2026-10-01T05:23:08Z,00170_003_01722_0_0,170,6.3,,11,18,22,12,,,,,1004,4131
2026-10-01T05:23:08Z,00170_003_02633_1_0,170,6.1,,10,18,23,12,,,,,1115,3580
2026-10-01T05:23:08Z,00170_003_03882_0_0,170,6,,10,18,23,12,,,,,1115,1557
2026-10-01T05:23:08Z,00170_003_04986_2_0,170,5.9,,10,17,22,11,,,,,1115,2159
2026-10-01T05:23:08Z,00170_005_00000_0_0,170,5.9,,10,17,23,12,,,,,1115,2244
2026-10-01T05:23:08Z,00170_005_02271_0_0,170,5.8,,11,17,22,12,,,,,1115,4326
2026-10-01T05:23:08Z,00170_006_00000_0_0,170,5,,10,16,22,11,,,,,1011,1410
2026-10-01T05:23:08Z,00170_006_00801_0_0,170,4.9,,10,15,21,11,,,,,1011,2037
2026-10-01T05:23:08Z,00170_006_03382_0_0,170,4.3,,9,17,22,11,,,,,1011,1993
2026-10-01T05:23:08Z,00170_006_03890_1_0,170,4.3,,10,17,22,11,,,,,1011,1895
2026-10-01T05:23:08Z,00170_007_00000_1_0,170,4.2,,9,17,23,11,,,,,1011,2501
2026-10-01T05:23:08Z,00170_007_00132_0_0,170,4.1,,9,17,23,11,,,,,1011,2735
2026-10-01T05:23:08Z,00170_008_00000_0_0,170,3.7,,9,17,23,11,,,,,1011,8471
2026-10-01T07:29:44Z,00003_101_00000_1_0,3,11.8,,17,21,21,10,,,,,1034,1713
2026-10-01T07:29:44Z,00003_101_04517_2_0,3,11.4,,17,21,21,10,,,,,1034,2278
2026-10-01T07:29:44Z,00003_101_04584_2_0,3,11.1,,17,21,21,10,,,,,1034,1209
2026-10-01T07:29:44Z,00003_102_00000_1_0,3,10.3,,16,21,21,9,,,,,1034,5298
2026-10-01T07:29:44Z,00003_102_00060_1_0,3,10.4,,16,21,21,9,,,,,1041,4737
2026-10-01T07:29:44Z,00003_103_00000_1_0,3,10.5,,17,21,21,9,,,,,1041,3685
2026-10-01T07:29:44Z,00003_103_00133_2_0,3,10.4,,17,21,21,9,,,,,1041,3988
2026-10-01T07:29:44Z,00003_103_01249_1_0,3,10.4,,16,21,21,9,,,,,1041,1722
2026-10-01T07:29:44Z,00003_103_01886_2_0,3,10.2,,16,21,21,9,,,,,1041,1884
2026-10-01T07:29:44Z,00003_103_03567_2_0,3,10.4,,17,21,21,9,,,,,1041,568
2026-10-01T07:29:44Z,00003_103_06084_2_0,3,10.2,,16,21,21,9,,,,,1041,1936
2026-10-01T07:29:44Z,00003_103_06143_2_0,3,10.3,,17,21,21,9,,,,,1041,2578
2026-10-01T07:29:44Z,00003_104_00000_1_0,3,10,,17,22,21,9,,,,,1041,5130
2026-10-01T07:29:44Z,00003_104_02340_2_0,3,9.6,,16,21,21,8,,,,,1041,6784
2026-10-01T07:29:44Z,00003_104_04552_1_0,3,9.6,,16,21,21,8,,,,,1041,8674
2026-10-01T07:29:44Z,00003_104_06619_2_0,3,9.9,,16,21,21,8,,,,,1041,11790
2026-10-01T07:29:44Z,00003_104_09338_1_0,3,10,,16,21,21,8,,,,,1041,12297
2026-10-01T07:29:44Z,00003_106_00000_1_0,3,9.9,,16,21,21,8,,,,,1041,14527
2026-10-01T07:29:44Z,00003_106_01833_2_0,3,10,,16,21,22,8,,,,,1005,16632
2026-10-01T07:29:44Z,00004_101_00000_1_0,4,11.9,,17,21,21,10,,,,,1034,6130
2026-10-01T07:29:44Z,00004_101_01964_2_0,4,11.8,,17,21,21,10,,,,,1034,6543
2026-10-01T07:29:44Z,00004_101_03169_2_0,4,11.9,,17,21,21,10,,,,,1034,5047
2026-10-01T07:29:44Z,00004_101_03864_1_0,4,12,,18,21,21,10,,,,,1034,6099
2026-10-01T07:29:44Z,00004_102_00000_1_0,4,11,,17,21,21,10,,,,,1004,4176
2026-10-01T07:29:44Z,00004_102_00400_1_0,4,10.9,,17,20,20,10,,,,,1004,3931
2026-10-01T07:29:44Z,00004_102_02549_1_0,4,10.6,,17,21,21,10,,,,,1004,2968
2026-10-01T07:29:44Z,00004_103_00000_1_0,4,10.7,,17,21,21,10,,,,,1004,2098
2026-10-01T07:29:44Z,00004_103_01500_2_0,4,10.6,,17,21,21,10,,,,,1004,919
2026-10-01T07:29:44Z,00004_103_03379_2_0,4,10.4,,16,21,21,10,,,,,1004,1325
2026-10-01T07:29:44Z,00004_104_00000_1_0,4,10.5,,16,20,21,10,,,,,1004,2840
2026-10-01T07:29:44Z,00004_104_00162_1_0,4,10.3,,16,20,21,10,,,,,1004,2759
2026-10-01T07:29:44Z,00004_104_01537_2_0,4,10.6,,17,21,21,10,,,,,1085,4609
2026-10-01T07:29:44Z,00004_105_00000_1_0,4,10.3,,16,20,21,10,,,,,1085,5178
2026-10-01T07:29:44Z,00004_105_00064_1_0,4,10.6,,17,21,21,10,,,,,1085,5807
2026-10-01T07:29:44Z,00004_105_01800_1_0,4,10.5,,16,21,21,9,,,,,1036,6726
2026-10-01T07:29:44Z,00004_106_00000_1_0,4,10.3,,16,21,21,9,,,,,1036,6748
2026-10-01T07:29:44Z,00004_106_00067_1_0,4,10.2,,16,21,21,9,,,,,1005,6561
2026-10-01T07:29:44Z,00004_106_02383_2_0,4,9.2,,15,20,21,9,,,,,1005,5371
2026-10-01T07:29:44Z,00004_106_04878_1_0,4,8.9,,15,20,21,9,,,,,1005,4291
2026-10-01T07:29:44Z,00004_107_00000_1_0,4,9.1,,15,20,21,9,,,,,1005,2617
2026-10-01T07:29:44Z,00004_107_00042_1_0,4,9.3,,16,21,21,9,,,,,1005,1499
2026-10-01T07:29:44Z,00004_107_03311_2_0,4,9.3,,16,21,21,9,,,,,1005,1098
2026-10-01T07:29:44Z,00004_107_05874_2_0,4,9.3,,15,21,21,9,,,,,1005,2438
2026-10-01T07:29:44Z,00004_107_07483_2_0,4,9.1,,15,20,21,9,,,,,1005,3123
2026-10-01T07:29:44Z,00004_108_00000_1_0,4,8.9,,15,21,21,8,,,,,1005,4889
2026-10-01T07:29:44Z,00004_108_00032_2_0,4,9.2,,15,21,21,8,,,,,1005,3706
2026-10-01T07:29:44Z,00004_108_01501_2_0,4,9.3,,16,21,21,9,,,,,1005,5773
2026-10-01T07:29:44Z,00004_108_03381_2_0,4,9.4,,16,21,21,8,,,,,1005,7387
2026-10-01T07:29:44Z,00004_109_00000_1_0,4,9.6,,16,21,22,8,,,,,1005,8746
2026-10-01T07:29:44Z,00007_001_00000_1_0,7,10.4,,17,21,22,9,,,,,1004,1116
2026-10-01T07:29:44Z,00007_001_01615_1_0,7,10.3,,17,21,22,9,,,,,1004,2610
2026-10-01T07:29:44Z,00007_002_00000_1_0,7,10,,16,20,21,10,,,,,1115,2324
2026-10-01T07:29:44Z,00007_002_00060_2_0,7,10.2,,16,20,21,10,,,,,1115,2175
2026-10-01T07:29:44Z,00007_002_01814_1_0,7,10,,16,20,21,10,,,,,1115,1718
2026-10-01T07:29:44Z,00007_003_00000_1_0,7,9.7,,16,21,21,10,,,,,1011,4185
2026-10-01T07:29:44Z,00007_003_02642_2_0,7,9.5,,16,20,20,10,,,,,1011,3111
2026-10-01T07:29:44Z,00007_004_00000_1_0,7,9.4,,16,20,21,9,,,,,1011,304
2026-10-01T07:29:44Z,00007_004_02103_2_0,7,9,,15,20,20,9,,,,,1011,209
2026-10-01T07:29:44Z,00007_004_02440_2_0,7,8.9,,15,20,21,9,,,,,1011,1429
2026-10-01T07:29:44Z,00045_001_00000_1_0,45,11.9,,17,21,21,10,,,,,1034,3640
2026-10-01T07:29:44Z,00045_001_00231_1_0,45,12,,17,21,21,10,,,,,1034,5546
2026-10-01T07:29:44Z,00045_001_03374_2_0,45,11.5,,17,21,21,10,,,,,1034,2391
2026-10-01T07:29:44Z,00045_001_04364_2_0,45,11.3,,17,21,21,10,,,,,1034,2381
2026-10-01T07:29:44Z,00045_002_00000_1_0,45,11.2,,17,21,21,10,,,,,1034,2059
2026-10-01T07:29:44Z,00045_002_01538_2_0,45,11,,17,21,21,10,,,,,1034,3681
2026-10-01T07:29:44Z,00045_002_04448_1_0,45,10.8,,16,21,21,10,,,,,1084,2899
2026-10-01T07:29:44Z,00045_002_04831_1_0,45,11,,17,21,21,10,,,,,1084,1450
2026-10-01T07:29:44Z,00045_003_00000_1_0,45,10.9,,17,21,21,10,,,,,1036,1770
2026-10-01T07:29:44Z,00045_003_02361_2_0,45,10.7,,16,21,21,9,,,,,1036,1482
2026-10-01T07:29:44Z,00045_003_02863_1_0,45,10.8,,17,21,21,9,,,,,1036,891
2026-10-01T07:29:44Z,00045_003_06436_2_0,45,10.8,,17,21,21,9,,,,,1036,4178
2026-10-01T07:29:44Z,00045_003_07072_2_0,45,10.7,,16,21,21,9,,,,,1036,3214
2026-10-01T07:29:44Z,00045_004_00000_1_0,45,10.7,,17,22,22,9,,,,,1036,7181
2026-10-01T07:29:44Z,00045_005_00000_1_0,45,10.2,,17,22,22,9,,,,,1005,6690
2026-10-01T07:29:44Z,00045_005_00192_2_0,45,10.1,,16,22,22,8,,,,,1005,6683
2026-10-01T07:29:44Z,00045_005_00199_1_0,45,10,,17,23,23,9,,,,,1005,6847
2026-10-01T07:29:44Z,00045_005_00375_0_0,45,9.9,,16,22,22,9,,,,,1005,6705
2026-10-01T07:29:44Z,00045_006_00000_1_0,45,9.4,,17,23,23,9,,,,,1005,6841
2026-10-01T07:29:44Z,00045_006_00826_0_0,45,9.1,,16,22,22,8,,,,,1005,7367
2026-10-01T07:29:44Z,00045_007_00000_0_0,45,9.7,,16,22,23,9,,,,,1005,11260
2026-10-01T07:29:44Z,00045_007_04787_0_0,45,10.1,,17,23,23,9,,,,,1005,13029
2026-10-01T07:29:44Z,00050_001_00091_0_0,50,10.7,,17,22,22,9,,,,,1034,22640
2026-10-01T07:29:44Z,00050_001_04047_0_0,50,11.1,,17,22,22,9,,,,,1034,19124
2026-10-01T07:29:44Z,00050_001_04877_0_0,50,10.8,,17,21,22,9,,,,,1034,19939
2026-10-01T07:29:44Z,00050_001_08186_0_0,50,10.8,,17,21,22,9,,,,,1034,16846
2026-10-01T07:29:44Z,00050_001_09888_1_0,50,11.1,,17,21,22,9,,,,,1034,15005
2026-10-01T07:29:44Z,00050_001_11783_2_0,50,11,,17,21,21,9,,,,,1034,14557
2026-10-01T07:29:44Z,00050_003_00000_1_0,50,11.1,,16,20,20,9,,,,,1034,13420
2026-10-01T07:29:44Z,00050_003_00129_2_0,50,11.1,,16,21,21,9,,,,,1034,12067
2026-10-01T07:29:44Z,00050_003_02900_2_0,50,10.7,,16,21,21,9,,,,,1034,11433
2026-10-01T07:29:44Z,00050_004_00000_1_0,50,10.1,,16,21,21,9,,,,,1041,7973
2026-10-01T07:29:44Z,00050_004_00705_1_0,50,10.1,,16,21,20,9,,,,,1041,9611
2026-10-01T07:29:44Z,00050_004_03330_1_0,50,9.7,,16,21,21,9,,,,,1041,6260
2026-10-01T07:29:44Z,00050_005_00000_1_0,50,10.2,,16,21,21,9,,,,,1041,4038
2026-10-01T07:29:44Z,00050_005_01790_2_0,50,10,,16,21,20,9,,,,,1041,4131
2026-10-01T07:29:44Z,00050_006_00000_1_0,50,10.4,,16,21,21,9,,,,,1041,4073
2026-10-01T07:29:44Z,00050_006_00031_1_0,50,10.7,,17,21,21,9,,,,,1041,4096
2026-10-01T07:29:44Z,00050_006_02508_2_0,50,10.8,,16,21,21,9,,,,,1084,3150
2026-10-01T07:29:44Z,00050_006_03458_2_0,50,10.5,,16,21,21,10,,,,,1084,4608
2026-10-01T07:29:44Z,00050_006_06893_1_0,50,10.9,,16,21,21,10,,,,,1084,1334
2026-10-01T07:29:44Z,00050_007_00000_1_0,50,10.8,,16,21,21,10,,,,,1084,466
2026-10-01T07:29:44Z,00050_007_00064_2_0,50,10.9,,17,21,21,10,,,,,1085,366
2026-10-01T07:29:44Z,00050_007_02552_1_0,50,10.6,,16,21,21,10,,,,,1004,2988
2026-10-01T07:29:44Z,00050_007_03226_2_0,50,10.7,,16,21,21,10,,,,,1085,1176
2026-10-01T07:29:44Z,00050_008_00000_1_0,50,10.3,,16,20,21,10,,,,,1115,2372
2026-10-01T07:29:44Z,00050_008_00276_2_0,50,10.2,,16,20,20,10,,,,,1004,2843
2026-10-01T07:29:44Z,00100_001_00000_1_0,100,11.7,,17,21,21,10,,,,,1034,3042
2026-10-01T07:29:44Z,00100_001_00212_2_0,100,11.7,,17,21,21,10,,,,,1034,2319
2026-10-01T07:29:44Z,00100_001_00825_1_0,100,11.7,,17,21,21,10,,,,,1034,2913
2026-10-01T07:29:44Z,00101_001_00000_1_0,101,11.3,,17,21,21,9,,,,,1034,8032
2026-10-01T07:29:44Z,00101_001_00134_1_0,101,11.6,,18,22,22,10,,,,,1034,7622
2026-10-01T07:29:44Z,00101_001_00530_1_0,101,11.6,,17,21,21,9,,,,,1034,7430
2026-10-01T07:29:44Z,00101_002_00000_1_0,101,11.5,,17,22,22,9,,,,,1034,6059
2026-10-01T07:29:44Z,00101_002_03928_2_0,101,11.2,,17,21,21,9,,,,,1034,5431
2026-10-01T07:29:44Z,00101_003_00000_1_0,101,11.2,,17,21,21,10,,,,,1034,5418
2026-10-01T07:29:44Z,00101_003_00024_1_0,101,11.4,,17,21,21,10,,,,,1034,5215
2026-10-01T07:29:44Z,00101_004_00000_1_0,101,11.2,,17,21,21,10,,,,,1034,5049
2026-10-01T07:29:44Z,00101_004_00146_2_0,101,11.3,,17,21,21,10,,,,,1034,3413
2026-10-01T07:29:44Z,00101_004_00283_1_0,101,11.4,,17,21,21,10,,,,,1034,4969
2026-10-01T07:29:44Z,00101_005_00000_1_0,101,11.4,,17,21,21,10,,,,,1034,2469
2026-10-01T07:29:44Z,00101_005_00099_1_0,101,11.7,,17,21,21,10,,,,,1034,2369
2026-10-01T07:29:44Z,00101_006_00000_1_0,101,11.5,,17,21,21,10,,,,,1034,798
2026-10-01T07:29:44Z,00101_006_00085_1_0,101,11.4,,17,21,21,10,,,,,1034,2447
2026-10-01T07:29:44Z,00101_007_00000_1_0,101,10.9,,17,21,21,10,,,,,1034,2949
2026-10-01T07:29:44Z,00101_007_00049_2_0,101,11.3,,17,21,21,10,,,,,1004,4354
2026-10-01T07:29:44Z,00101_007_02789_2_0,101,10.7,,17,21,21,10,,,,,1004,2698
2026-10-01T07:29:44Z,00101_008_00000_1_0,101,10.4,,16,20,21,10,,,,,1004,2520
2026-10-01T07:29:44Z,00101_008_00070_2_0,101,10.6,,17,21,21,10,,,,,1004,2012
2026-10-01T07:29:44Z,00101_008_02374_2_0,101,10.6,,17,20,21,10,,,,,1004,3509
2026-10-01T07:29:44Z,00103_001_00000_1_0,103,10.3,,17,22,22,9,,,,,1115,2207
2026-10-01T07:29:44Z,00103_001_02410_2_0,103,10.3,,17,22,22,9,,,,,1115,3612
2026-10-01T07:29:44Z,00130_001_00000_1_0,130,10.6,,18,23,23,9,,,,,1041,3863
2026-10-01T07:29:44Z,00130_001_00544_0_0,130,10.6,,18,23,23,9,,,,,1041,1753
2026-10-01T07:29:44Z,00130_001_01231_0_0,130,10.3,,17,23,23,9,,,,,1041,2923
2026-10-01T07:29:44Z,00130_002_00000_0_0,130,10.6,,18,23,23,9,,,,,1041,1960
2026-10-01T07:29:44Z,00130_002_01197_0_0,130,10.2,,17,22,23,9,,,,,1041,581
2026-10-01T07:29:44Z,00130_003_00000_0_0,130,10.3,,18,23,23,9,,,,,1041,5317
2026-10-01T07:29:44Z,00130_003_02196_0_0,130,9.8,,17,23,23,9,,,,,1041,6572
2026-10-01T07:29:44Z,00130_004_00000_0_0,130,10,,17,23,23,9,,,,,1041,9725
2026-10-01T07:29:44Z,00130_004_02530_0_0,130,10.5,,18,24,24,9,,,,,1041,12449
2026-10-01T07:29:44Z,00130_005_00000_0_0,130,9.9,,16,22,22,8,,,,,1041,14671
2026-10-01T07:29:44Z,00130_005_00061_0_0,130,10.3,,17,23,23,9,,,,,1005,16464
2026-10-01T07:29:44Z,00130_005_04540_0_0,130,10.2,,17,23,23,9,,,,,1005,17510
2026-10-01T07:29:44Z,00135_001_00000_1_0,135,10.4,,16,21,21,9,,,,,1084,2402
2026-10-01T07:29:44Z,00135_001_00118_2_0,135,10.7,,17,22,22,9,,,,,1084,2556
2026-10-01T07:29:44Z,00138_001_00000_1_0,138,10.7,,17,22,22,9,,,,,1036,2284
2026-10-01T07:29:44Z,00138_001_00014_2_0,138,10.7,,17,22,22,9,,,,,1036,2284
2026-10-01T07:29:44Z,00140_004_00000_1_0,140,10.3,,17,22,22,9,,,,,1004,2919
2026-10-01T07:29:44Z,00140_004_00509_0_0,140,10.6,,18,23,23,9,,,,,1085,4760
2026-10-01T07:29:44Z,00140_005_00000_0_0,140,10.4,,17,23,23,9,,,,,1036,6499
2026-10-01T07:29:44Z,00140_005_03305_0_0,140,9.9,,17,23,23,9,,,,,1117,7532
2026-10-01T07:29:44Z,00140_005_07675_0_0,140,9.3,,16,22,23,9,,,,,1005,5443
2026-10-01T07:29:44Z,00140_005_11102_0_0,140,9.2,,16,22,22,8,,,,,1005,2624
2026-10-01T07:29:44Z,00140_005_13082_0_0,140,9.3,,16,22,23,8,,,,,1005,2632
2026-10-01T07:29:44Z,00140_008_00000_0_0,140,9.6,,16,22,23,9,,,,,1005,8139
2026-10-01T07:29:44Z,00145_001_00000_1_0,145,9.8,,16,22,22,9,,,,,1005,6214
2026-10-01T07:29:44Z,00145_001_01070_0_0,145,9.2,,16,22,22,8,,,,,1005,5513
2026-10-01T07:29:44Z,00145_002_00000_0_0,145,9.3,,16,22,22,9,,,,,1005,3272
2026-10-01T07:29:44Z,00145_002_04956_1_0,145,9.3,,16,22,22,8,,,,,1005,3938
2026-10-01T07:29:44Z,00145_003_00000_1_0,145,9.3,,16,22,22,8,,,,,1005,3809
2026-10-01T07:29:44Z,00145_003_00029_2_0,145,9.1,,15,21,22,8,,,,,1005,3769
2026-10-01T07:29:44Z,00145_003_00782_0_0,145,9.1,,16,22,23,9,,,,,1005,3593
2026-10-01T07:29:44Z,00145_004_00000_1_0,145,9.4,,16,22,23,8,,,,,1005,3148
2026-10-01T07:29:44Z,00145_004_00937_0_0,145,9.3,,16,22,23,8,,,,,1005,2918
2026-10-01T07:29:44Z,00148_001_00000_1_0,148,9.5,,16,22,23,9,,,,,1005,3711
2026-10-01T07:29:44Z,00148_001_00135_0_0,148,9.6,,16,22,23,9,,,,,1005,5580
2026-10-01T07:29:44Z,00148_001_01984_0_0,148,9.7,,16,22,22,8,,,,,1005,4381
2026-10-01T07:29:44Z,00148_003_00000_1_0,148,9.3,,16,22,23,9,,,,,1005,4443
2026-10-01T07:29:44Z,00148_003_00692_0_0,148,9.2,,16,22,23,8,,,,,1005,5238
2026-10-01T07:29:44Z,00148_003_02753_0_0,148,8.9,,16,22,23,8,,,,,1117,3790
2026-10-01T07:29:44Z,00148_004_00000_0_0,148,8.6,,16,22,22,8,,,,,1117,1232
2026-10-01T07:29:44Z,00148_005_00000_0_0,148,8.5,,16,22,22,8,,,,,1117,4118
2026-10-01T07:29:44Z,00148_006_00000_0_0,148,8.2,,16,22,23,8,,,,,1117,5046
2026-10-01T07:29:44Z,00148_006_06129_0_0,148,8.4,,17,22,23,8,,,,,1011,10061
2026-10-01T07:29:44Z,00152_001_00000_0_0,152,10.9,,17,22,22,9,,,,,1036,3635
2026-10-01T07:29:44Z,00152_001_00159_0_0,152,10.7,,17,22,22,9,,,,,1036,2330
2026-10-01T07:29:44Z,00152_001_02836_0_0,152,10.8,,17,22,23,9,,,,,1036,5505
2026-10-01T07:29:44Z,00152_001_06130_1_0,152,10.5,,17,22,23,9,,,,,1036,6871
2026-10-01T07:29:44Z,00152_001_06964_0_0,152,9.9,,17,22,22,9,,,,,1036,7550
2026-10-01T07:29:44Z,00170_001_00000_1_0,170,11.5,,18,22,22,10,,,,,1034,7397
2026-10-01T07:29:44Z,00170_001_00435_1_0,170,11.3,,17,21,22,10,,,,,1034,6301
2026-10-01T07:29:44Z,00170_002_00000_1_0,170,10.8,,18,22,22,9,,,,,1004,6289
2026-10-01T07:29:44Z,00170_002_01548_2_0,170,10.6,,17,21,22,9,,,,,1004,4949
2026-10-01T07:29:44Z,00170_003_00000_1_0,170,10.4,,17,22,22,10,,,,,1004,4150
2026-10-01T07:29:44Z,00170_003_00339_2_0,170,10.3,,17,21,22,9,,,,,1004,4377
2026-10-01T07:29:44Z,00170_003_01722_0_0,170,10.4,,17,22,22,9,,,,,1004,4131
2026-10-01T07:29:44Z,00170_003_02633_1_0,170,10.3,,17,22,22,9,,,,,1115,3580
2026-10-01T07:29:44Z,00170_003_03882_0_0,170,10.2,,17,22,22,9,,,,,1115,1557
2026-10-01T07:29:44Z,00170_003_04986_2_0,170,10,,16,21,21,9,,,,,1115,2159
2026-10-01T07:29:44Z,00170_005_00000_0_0,170,10.1,,17,22,22,9,,,,,1115,2244
2026-10-01T07:29:44Z,00170_005_02271_0_0,170,10.1,,17,22,22,9,,,,,1115,4326
2026-10-01T07:29:44Z,00170_006_00000_0_0,170,9.4,,16,21,22,9,,,,,1011,1410
2026-10-01T07:29:44Z,00170_006_00801_0_0,170,9.2,,15,21,21,8,,,,,1011,2037
2026-10-01T07:29:44Z,00170_006_03382_0_0,170,8.9,,16,22,22,9,,,,,1011,1993
2026-10-01T07:29:44Z,00170_006_03890_1_0,170,9,,17,22,22,9,,,,,1011,1895
2026-10-01T07:29:44Z,00170_007_00000_1_0,170,8.8,,17,22,23,9,,,,,1011,2501
2026-10-01T07:29:44Z,00170_007_00132_0_0,170,8.7,,17,22,23,9,,,,,1011,2735
2026-10-01T07:29:44Z,00170_008_00000_0_0,170,8.4,,17,22,23,8,,,,,1011,8471
2026-10-01T09:29:11Z,00003_101_00000_1_0,3,18,,21,21,16,8,,,,,1034,1713
2026-10-01T09:29:11Z,00003_101_04517_2_0,3,18,,20,21,17,8,,,,,1034,2278
2026-10-01T09:29:11Z,00003_101_04584_2_0,3,18,,21,21,17,8,,,,,1034,1209
2026-10-01T09:29:11Z,00003_102_00000_1_0,3,18,,21,21,17,8,,,,,1034,5298
2026-10-01T09:29:11Z,00003_102_00060_1_0,3,18,,21,21,17,8,,,,,1041,4737
2026-10-01T09:29:11Z,00003_103_00000_1_0,3,18,,21,21,17,8,,,,,1041,3685
2026-10-01T09:29:11Z,00003_103_00133_2_0,3,18,,21,21,17,8,,,,,1041,3988
2026-10-01T09:29:11Z,00003_103_01249_1_0,3,18,,21,21,17,8,,,,,1041,1722
2026-10-01T09:29:11Z,00003_103_01886_2_0,3,18,,21,21,17,8,,,,,1041,1884
2026-10-01T09:29:11Z,00003_103_03567_2_0,3,18,,21,21,17,8,,,,,1041,568
2026-10-01T09:29:11Z,00003_103_06084_2_0,3,18,,21,21,17,8,,,,,1041,1936
2026-10-01T09:29:11Z,00003_103_06143_2_0,3,18,,21,21,17,8,,,,,1041,2578
2026-10-01T09:29:11Z,00003_104_00000_1_0,3,17,,21,21,17,7,,,,,1041,5130
2026-10-01T09:29:11Z,00003_104_02340_2_0,3,17,,21,21,16,7,,,,,1041,6784
2026-10-01T09:29:11Z,00003_104_04552_1_0,3,17,,21,21,16,7,,,,,1041,8674
2026-10-01T09:29:11Z,00003_104_06619_2_0,3,16,,21,21,16,7,,,,,1041,11790
2026-10-01T09:29:11Z,00003_104_09338_1_0,3,16,,21,21,16,7,,,,,1041,12297
2026-10-01T09:29:11Z,00003_106_00000_1_0,3,16,,20,21,16,7,,,,,1041,14527
2026-10-01T09:29:11Z,00003_106_01833_2_0,3,15,,21,21,16,7,,,,,1005,16632
2026-10-01T09:29:11Z,00004_101_00000_1_0,4,18,,20,20,17,9,,,,,1034,6130
2026-10-01T09:29:11Z,00004_101_01964_2_0,4,18,,20,20,17,9,,,,,1034,6543
2026-10-01T09:29:11Z,00004_101_03169_2_0,4,18,,21,21,17,9,,,,,1034,5047
2026-10-01T09:29:11Z,00004_101_03864_1_0,4,18,,21,20,16,9,,,,,1034,6099
2026-10-01T09:29:11Z,00004_102_00000_1_0,4,17,,20,20,16,8,,,,,1004,4176
2026-10-01T09:29:11Z,00004_102_00400_1_0,4,17,,20,20,16,8,,,,,1004,3931
2026-10-01T09:29:11Z,00004_102_02549_1_0,4,17,,20,20,16,9,,,,,1004,2968
2026-10-01T09:29:11Z,00004_103_00000_1_0,4,17,,20,20,17,9,,,,,1004,2098
2026-10-01T09:29:11Z,00004_103_01500_2_0,4,18,,21,21,17,9,,,,,1004,919
2026-10-01T09:29:11Z,00004_103_03379_2_0,4,18,,21,21,17,9,,,,,1004,1325
2026-10-01T09:29:11Z,00004_104_00000_1_0,4,18,,21,21,17,9,,,,,1004,2840
2026-10-01T09:29:11Z,00004_104_00162_1_0,4,18,,21,21,17,9,,,,,1004,2759
2026-10-01T09:29:11Z,00004_104_01537_2_0,4,18,,21,21,17,9,,,,,1085,4609
2026-10-01T09:29:11Z,00004_105_00000_1_0,4,18,,21,21,17,8,,,,,1085,5178
2026-10-01T09:29:11Z,00004_105_00064_1_0,4,18,,21,21,17,8,,,,,1085,5807
2026-10-01T09:29:11Z,00004_105_01800_1_0,4,18,,21,21,17,8,,,,,1036,6726
2026-10-01T09:29:11Z,00004_106_00000_1_0,4,17,,20,20,16,8,,,,,1036,6748
2026-10-01T09:29:11Z,00004_106_00067_1_0,4,17,,20,20,16,8,,,,,1005,6561
2026-10-01T09:29:11Z,00004_106_02383_2_0,4,16,,19,20,16,7,,,,,1005,5371
2026-10-01T09:29:11Z,00004_106_04878_1_0,4,16,,19,20,16,7,,,,,1005,4291
2026-10-01T09:29:11Z,00004_107_00000_1_0,4,16,,19,20,16,7,,,,,1005,2617
2026-10-01T09:29:11Z,00004_107_00042_1_0,4,16,,20,20,16,7,,,,,1005,1499
2026-10-01T09:29:11Z,00004_107_03311_2_0,4,16,,20,20,16,7,,,,,1005,1098
2026-10-01T09:29:11Z,00004_107_05874_2_0,4,16,,20,20,16,7,,,,,1005,2438
2026-10-01T09:29:11Z,00004_107_07483_2_0,4,16,,20,20,16,7,,,,,1005,3123
2026-10-01T09:29:11Z,00004_108_00000_1_0,4,16,,20,21,16,7,,,,,1005,4889
2026-10-01T09:29:11Z,00004_108_00032_2_0,4,16,,20,21,16,7,,,,,1005,3706
2026-10-01T09:29:11Z,00004_108_01501_2_0,4,17,,20,21,16,7,,,,,1005,5773
2026-10-01T09:29:11Z,00004_108_03381_2_0,4,16,,20,21,16,7,,,,,1005,7387
2026-10-01T09:29:11Z,00004_109_00000_1_0,4,17,,21,21,16,7,,,,,1005,8746
2026-10-01T09:29:11Z,00007_001_00000_1_0,7,18,,21,21,16,8,,,,,1004,1116
2026-10-01T09:29:11Z,00007_001_01615_1_0,7,17,,20,21,16,8,,,,,1004,2610
2026-10-01T09:29:11Z,00007_002_00000_1_0,7,16,,19,20,16,8,,,,,1115,2324
2026-10-01T09:29:11Z,00007_002_00060_2_0,7,16,,20,20,16,8,,,,,1115,2175
2026-10-01T09:29:11Z,00007_002_01814_1_0,7,16,,20,20,16,8,,,,,1115,1718
2026-10-01T09:29:11Z,00007_003_00000_1_0,7,17,,20,20,16,8,,,,,1011,4185
2026-10-01T09:29:11Z,00007_003_02642_2_0,7,16,,20,20,16,8,,,,,1011,3111
2026-10-01T09:29:11Z,00007_004_00000_1_0,7,16,,20,20,16,8,,,,,1011,304
2026-10-01T09:29:11Z,00007_004_02103_2_0,7,15,,19,20,15,7,,,,,1011,209
2026-10-01T09:29:11Z,00007_004_02440_2_0,7,16,,20,20,16,7,,,,,1011,1429
2026-10-01T09:29:11Z,00045_001_00000_1_0,45,18,,21,21,17,8,,,,,1034,3640
2026-10-01T09:29:11Z,00045_001_00231_1_0,45,18,,21,20,16,9,,,,,1034,5546
2026-10-01T09:29:11Z,00045_001_03374_2_0,45,18,,20,21,16,8,,,,,1034,2391
2026-10-01T09:29:11Z,00045_001_04364_2_0,45,17,,20,20,16,8,,,,,1034,2381
2026-10-01T09:29:11Z,00045_002_00000_1_0,45,18,,21,21,17,8,,,,,1034,2059
2026-10-01T09:29:11Z,00045_002_01538_2_0,45,18,,21,21,17,9,,,,,1034,3681
2026-10-01T09:29:11Z,00045_002_04448_1_0,45,18,,21,21,17,9,,,,,1084,2899
2026-10-01T09:29:11Z,00045_002_04831_1_0,45,18,,21,21,17,9,,,,,1084,1450
2026-10-01T09:29:11Z,00045_003_00000_1_0,45,18,,21,21,17,8,,,,,1036,1770
2026-10-01T09:29:11Z,00045_003_02361_2_0,45,18,,21,21,17,8,,,,,1036,1482
2026-10-01T09:29:11Z,00045_003_02863_1_0,45,18,,22,22,17,8,,,,,1036,891
2026-10-01T09:29:11Z,00045_003_06436_2_0,45,18,,22,21,17,7,,,,,1036,4178
2026-10-01T09:29:11Z,00045_003_07072_2_0,45,18,,22,22,17,7,,,,,1036,3214
2026-10-01T09:29:11Z,00045_004_00000_1_0,45,18,,22,22,17,7,,,,,1036,7181
2026-10-01T09:29:11Z,00045_005_00000_1_0,45,17,,21,21,17,7,,,,,1005,6690
2026-10-01T09:29:11Z,00045_005_00192_2_0,45,17,,22,22,17,7,,,,,1005,6683
2026-10-01T09:29:11Z,00045_005_00199_1_0,45,18,,22,22,17,7,,,,,1005,6847
2026-10-01T09:29:11Z,00045_005_00375_0_0,45,17,,21,22,17,7,,,,,1005,6705
2026-10-01T09:29:11Z,00045_006_00000_1_0,45,17,,22,23,18,7,,,,,1005,6841
2026-10-01T09:29:11Z,00045_006_00826_0_0,45,16,,22,22,18,7,,,,,1005,7367
2026-10-01T09:29:11Z,00045_007_00000_0_0,45,17,,22,22,18,7,,,,,1005,11260
2026-10-01T09:29:11Z,00045_007_04787_0_0,45,16,,22,22,18,7,,,,,1005,13029
2026-10-01T09:29:11Z,00050_001_00091_0_0,50,18,,21,22,17,8,,,,,1034,22640
2026-10-01T09:29:11Z,00050_001_04047_0_0,50,18,,22,22,17,8,,,,,1034,19124
2026-10-01T09:29:11Z,00050_001_04877_0_0,50,17,,21,21,17,7,,,,,1034,19939
2026-10-01T09:29:11Z,00050_001_08186_0_0,50,17,,21,22,17,8,,,,,1034,16846
2026-10-01T09:29:11Z,00050_001_09888_1_0,50,17,,21,21,16,8,,,,,1034,15005
2026-10-01T09:29:11Z,00050_001_11783_2_0,50,17,,20,21,16,7,,,,,1034,14557
2026-10-01T09:29:11Z,00050_003_00000_1_0,50,17,,20,20,16,8,,,,,1034,13420
2026-10-01T09:29:11Z,00050_003_00129_2_0,50,17,,20,20,17,8,,,,,1034,12067
2026-10-01T09:29:11Z,00050_003_02900_2_0,50,17,,20,20,16,8,,,,,1034,11433
2026-10-01T09:29:11Z,00050_004_00000_1_0,50,17,,20,20,16,8,,,,,1041,7973
2026-10-01T09:29:11Z,00050_004_00705_1_0,50,16,,20,20,16,8,,,,,1041,9611
2026-10-01T09:29:11Z,00050_004_03330_1_0,50,17,,20,20,16,8,,,,,1041,6260
2026-10-01T09:29:11Z,00050_005_00000_1_0,50,18,,21,21,17,8,,,,,1041,4038
2026-10-01T09:29:11Z,00050_005_01790_2_0,50,18,,21,21,17,8,,,,,1041,4131
2026-10-01T09:29:11Z,00050_006_00000_1_0,50,18,,21,21,17,8,,,,,1041,4073
2026-10-01T09:29:11Z,00050_006_00031_1_0,50,18,,22,21,17,8,,,,,1041,4096
2026-10-01T09:29:11Z,00050_006_02508_2_0,50,18,,21,21,17,8,,,,,1084,3150
2026-10-01T09:29:11Z,00050_006_03458_2_0,50,18,,21,21,17,8,,,,,1084,4608
2026-10-01T09:29:11Z,00050_006_06893_1_0,50,18,,21,21,17,9,,,,,1084,1334
2026-10-01T09:29:11Z,00050_007_00000_1_0,50,18,,21,21,17,8,,,,,1084,466
2026-10-01T09:29:11Z,00050_007_00064_2_0,50,18,,21,21,17,9,,,,,1085,366
2026-10-01T09:29:11Z,00050_007_02552_1_0,50,18,,21,21,17,9,,,,,1004,2988
2026-10-01T09:29:11Z,00050_007_03226_2_0,50,18,,21,21,17,9,,,,,1085,1176
2026-10-01T09:29:11Z,00050_008_00000_1_0,50,17,,20,20,16,8,,,,,1115,2372
2026-10-01T09:29:11Z,00050_008_00276_2_0,50,16,,19,20,16,8,,,,,1004,2843
2026-10-01T09:29:11Z,00100_001_00000_1_0,100,18,,21,21,17,8,,,,,1034,3042
2026-10-01T09:29:11Z,00100_001_00212_2_0,100,18,,21,21,17,8,,,,,1034,2319
2026-10-01T09:29:11Z,00100_001_00825_1_0,100,18,,21,21,16,8,,,,,1034,2913
2026-10-01T09:29:11Z,00101_001_00000_1_0,101,17,,21,21,16,8,,,,,1034,8032
2026-10-01T09:29:11Z,00101_001_00134_1_0,101,18,,22,22,17,8,,,,,1034,7622
2026-10-01T09:29:11Z,00101_001_00530_1_0,101,18,,21,21,16,8,,,,,1034,7430
2026-10-01T09:29:11Z,00101_002_00000_1_0,101,18,,21,21,17,8,,,,,1034,6059
2026-10-01T09:29:11Z,00101_002_03928_2_0,101,18,,21,21,16,8,,,,,1034,5431
2026-10-01T09:29:11Z,00101_003_00000_1_0,101,17,,20,20,16,8,,,,,1034,5418
2026-10-01T09:29:11Z,00101_003_00024_1_0,101,18,,21,21,17,8,,,,,1034,5215
2026-10-01T09:29:11Z,00101_004_00000_1_0,101,18,,21,21,17,8,,,,,1034,5049
2026-10-01T09:29:11Z,00101_004_00146_2_0,101,18,,21,21,17,8,,,,,1034,3413
2026-10-01T09:29:11Z,00101_004_00283_1_0,101,18,,21,21,17,9,,,,,1034,4969
2026-10-01T09:29:11Z,00101_005_00000_1_0,101,17,,21,21,17,9,,,,,1034,2469
2026-10-01T09:29:11Z,00101_005_00099_1_0,101,18,,21,21,17,9,,,,,1034,2369
2026-10-01T09:29:11Z,00101_006_00000_1_0,101,18,,21,21,17,9,,,,,1034,798
2026-10-01T09:29:11Z,00101_006_00085_1_0,101,18,,22,21,18,9,,,,,1034,2447
2026-10-01T09:29:11Z,00101_007_00000_1_0,101,18,,21,21,17,9,,,,,1034,2949
2026-10-01T09:29:11Z,00101_007_00049_2_0,101,19,,21,21,17,9,,,,,1004,4354
2026-10-01T09:29:11Z,00101_007_02789_2_0,101,18,,21,21,17,9,,,,,1004,2698
2026-10-01T09:29:11Z,00101_008_00000_1_0,101,16,,19,20,16,9,,,,,1004,2520
2026-10-01T09:29:11Z,00101_008_00070_2_0,101,17,,20,20,16,9,,,,,1004,2012
2026-10-01T09:29:11Z,00101_008_02374_2_0,101,17,,20,20,16,9,,,,,1004,3509
2026-10-01T09:29:11Z,00103_001_00000_1_0,103,17,,21,22,17,8,,,,,1115,2207
2026-10-01T09:29:11Z,00103_001_02410_2_0,103,17,,21,22,17,8,,,,,1115,3612
2026-10-01T09:29:11Z,00130_001_00000_1_0,130,18,,23,23,18,8,,,,,1041,3863
2026-10-01T09:29:11Z,00130_001_00544_0_0,130,18,,23,23,18,8,,,,,1041,1753
2026-10-01T09:29:11Z,00130_001_01231_0_0,130,18,,23,23,18,7,,,,,1041,2923
2026-10-01T09:29:11Z,00130_002_00000_0_0,130,19,,23,24,19,7,,,,,1041,1960
2026-10-01T09:29:11Z,00130_002_01197_0_0,130,18,,23,23,19,7,,,,,1041,581
2026-10-01T09:29:11Z,00130_003_00000_0_0,130,18,,23,23,18,7,,,,,1041,5317
2026-10-01T09:29:11Z,00130_003_02196_0_0,130,18,,22,23,18,7,,,,,1041,6572
2026-10-01T09:29:11Z,00130_004_00000_0_0,130,18,,23,23,18,7,,,,,1041,9725
2026-10-01T09:29:11Z,00130_004_02530_0_0,130,18,,23,24,19,7,,,,,1041,12449
2026-10-01T09:29:11Z,00130_005_00000_0_0,130,16,,21,22,17,6,,,,,1041,14671
2026-10-01T09:29:11Z,00130_005_00061_0_0,130,16,,22,23,18,7,,,,,1005,16464
2026-10-01T09:29:11Z,00130_005_04540_0_0,130,16,,22,23,18,7,,,,,1005,17510
2026-10-01T09:29:11Z,00135_001_00000_1_0,135,18,,22,22,17,8,,,,,1084,2402
2026-10-01T09:29:11Z,00135_001_00118_2_0,135,18,,22,22,17,8,,,,,1084,2556
2026-10-01T09:29:11Z,00138_001_00000_1_0,138,18,,22,22,17,8,,,,,1036,2284
2026-10-01T09:29:11Z,00138_001_00014_2_0,138,18,,22,22,17,8,,,,,1036,2284
2026-10-01T09:29:11Z,00140_004_00000_1_0,140,18,,22,22,18,8,,,,,1004,2919
2026-10-01T09:29:11Z,00140_004_00509_0_0,140,19,,23,23,18,8,,,,,1085,4760
2026-10-01T09:29:11Z,00140_005_00000_0_0,140,18,,23,23,18,8,,,,,1036,6499
2026-10-01T09:29:11Z,00140_005_03305_0_0,140,18,,22,23,18,7,,,,,1117,7532
2026-10-01T09:29:11Z,00140_005_07675_0_0,140,17,,22,22,18,7,,,,,1005,5443
2026-10-01T09:29:11Z,00140_005_11102_0_0,140,17,,21,22,17,6,,,,,1005,2624
2026-10-01T09:29:11Z,00140_005_13082_0_0,140,17,,22,22,17,7,,,,,1005,2632
2026-10-01T09:29:11Z,00140_008_00000_0_0,140,17,,22,23,18,7,,,,,1005,8139
2026-10-01T09:29:11Z,00145_001_00000_1_0,145,17,,22,22,17,7,,,,,1005,6214
2026-10-01T09:29:11Z,00145_001_01070_0_0,145,17,,21,22,17,7,,,,,1005,5513
2026-10-01T09:29:11Z,00145_002_00000_0_0,145,17,,22,22,17,7,,,,,1005,3272
2026-10-01T09:29:11Z,00145_002_04956_1_0,145,17,,22,22,17,7,,,,,1005,3938
2026-10-01T09:29:11Z,00145_003_00000_1_0,145,17,,21,22,17,7,,,,,1005,3809
2026-10-01T09:29:11Z,00145_003_00029_2_0,145,16,,21,22,17,6,,,,,1005,3769
2026-10-01T09:29:11Z,00145_003_00782_0_0,145,17,,22,22,18,7,,,,,1005,3593
2026-10-01T09:29:11Z,00145_004_00000_1_0,145,17,,22,22,17,7,,,,,1005,3148
2026-10-01T09:29:11Z,00145_004_00937_0_0,145,17,,22,22,18,7,,,,,1005,2918
2026-10-01T09:29:11Z,00148_001_00000_1_0,148,17,,22,22,17,7,,,,,1005,3711
2026-10-01T09:29:11Z,00148_001_00135_0_0,148,17,,22,22,18,7,,,,,1005,5580
2026-10-01T09:29:11Z,00148_001_01984_0_0,148,17,,21,22,17,7,,,,,1005,4381
2026-10-01T09:29:11Z,00148_003_00000_1_0,148,17,,22,22,17,7,,,,,1005,4443
2026-10-01T09:29:11Z,00148_003_00692_0_0,148,17,,21,22,17,7,,,,,1005,5238
2026-10-01T09:29:11Z,00148_003_02753_0_0,148,17,,21,22,17,7,,,,,1117,3790
2026-10-01T09:29:11Z,00148_004_00000_0_0,148,17,,21,22,17,6,,,,,1117,1232
2026-10-01T09:29:11Z,00148_005_00000_0_0,148,16,,21,22,17,6,,,,,1117,4118
2026-10-01T09:29:11Z,00148_006_00000_0_0,148,17,,21,22,17,6,,,,,1117,5046
2026-10-01T09:29:11Z,00148_006_06129_0_0,148,17,,21,22,17,6,,,,,1011,10061
2026-10-01T09:29:11Z,00152_001_00000_0_0,152,18,,23,23,18,7,,,,,1036,3635
2026-10-01T09:29:11Z,00152_001_00159_0_0,152,18,,22,23,18,7,,,,,1036,2330
2026-10-01T09:29:11Z,00152_001_02836_0_0,152,18,,23,23,18,7,,,,,1036,5505
2026-10-01T09:29:11Z,00152_001_06130_1_0,152,18,,22,22,17,7,,,,,1036,6871
2026-10-01T09:29:11Z,00152_001_06964_0_0,152,17,,21,22,17,7,,,,,1036,7550
2026-10-01T09:29:11Z,00170_001_00000_1_0,170,18,,22,22,18,9,,,,,1034,7397
2026-10-01T09:29:11Z,00170_001_00435_1_0,170,17,,21,22,17,8,,,,,1034,6301
2026-10-01T09:29:11Z,00170_002_00000_1_0,170,18,,21,21,17,8,,,,,1004,6289
2026-10-01T09:29:11Z,00170_002_01548_2_0,170,17,,21,21,17,8,,,,,1004,4949
2026-10-01T09:29:11Z,00170_003_00000_1_0,170,17,,21,21,17,8,,,,,1004,4150
2026-10-01T09:29:11Z,00170_003_00339_2_0,170,17,,21,21,17,8,,,,,1004,4377
2026-10-01T09:29:11Z,00170_003_01722_0_0,170,17,,21,22,17,8,,,,,1004,4131
2026-10-01T09:29:11Z,00170_003_02633_1_0,170,17,,21,22,17,8,,,,,1115,3580
2026-10-01T09:29:11Z,00170_003_03882_0_0,170,17,,21,22,17,8,,,,,1115,1557
2026-10-01T09:29:11Z,00170_003_04986_2_0,170,17,,20,21,17,7,,,,,1115,2159
2026-10-01T09:29:11Z,00170_005_00000_0_0,170,17,,21,22,17,8,,,,,1115,2244
2026-10-01T09:29:11Z,00170_005_02271_0_0,170,16,,22,22,17,7,,,,,1115,4326
2026-10-01T09:29:11Z,00170_006_00000_0_0,170,16,,21,22,17,7,,,,,1011,1410
2026-10-01T09:29:11Z,00170_006_00801_0_0,170,16,,21,21,16,7,,,,,1011,2037
2026-10-01T09:29:11Z,00170_006_03382_0_0,170,17,,21,22,17,7,,,,,1011,1993
2026-10-01T09:29:11Z,00170_006_03890_1_0,170,17,,21,22,17,7,,,,,1011,1895
2026-10-01T09:29:11Z,00170_007_00000_1_0,170,17,,21,22,17,7,,,,,1011,2501
2026-10-01T09:29:11Z,00170_007_00132_0_0,170,17,,21,22,17,7,,,,,1011,2735
2026-10-01T09:29:11Z,00170_008_00000_0_0,170,17,,21,22,17,7,,,,,1011,8471
2026-10-01T10:28:29Z,00003_101_00000_1_0,3,20,,21,19,13,8,,,,,1034,1713
2026-10-01T10:28:29Z,00003_101_04517_2_0,3,20,,21,19,13,8,,,,,1034,2278
2026-10-01T10:28:29Z,00003_101_04584_2_0,3,21,,22,20,13,8,,,,,1034,1209
2026-10-01T10:28:29Z,00003_102_00000_1_0,3,20,,22,20,13,8,,,,,1034,5298
2026-10-01T10:28:29Z,00003_102_00060_1_0,3,20,,22,20,13,8,,,,,1041,4737
2026-10-01T10:28:29Z,00003_103_00000_1_0,3,20,,22,20,13,8,,,,,1041,3685
2026-10-01T10:28:29Z,00003_103_00133_2_0,3,20,,22,20,13,8,,,,,1041,3988
2026-10-01T10:28:29Z,00003_103_01249_1_0,3,20,,22,20,13,8,,,,,1041,1722
2026-10-01T10:28:29Z,00003_103_01886_2_0,3,20,,22,20,13,8,,,,,1041,1884
2026-10-01T10:28:29Z,00003_103_03567_2_0,3,20,,22,20,13,8,,,,,1041,568
2026-10-01T10:28:29Z,00003_103_06084_2_0,3,20,,22,20,13,7,,,,,1041,1936
2026-10-01T10:28:29Z,00003_103_06143_2_0,3,20,,22,20,13,8,,,,,1041,2578
2026-10-01T10:28:29Z,00003_104_00000_1_0,3,20,,21,19,12,7,,,,,1041,5130
2026-10-01T10:28:29Z,00003_104_02340_2_0,3,19,,21,19,12,7,,,,,1041,6784
2026-10-01T10:28:29Z,00003_104_04552_1_0,3,19,,21,19,12,7,,,,,1041,8674
2026-10-01T10:28:29Z,00003_104_06619_2_0,3,19,,21,19,12,7,,,,,1041,11790
2026-10-01T10:28:29Z,00003_104_09338_1_0,3,19,,21,19,12,7,,,,,1041,12297
2026-10-01T10:28:29Z,00003_106_00000_1_0,3,19,,21,19,12,7,,,,,1041,14527
2026-10-01T10:28:29Z,00003_106_01833_2_0,3,19,,21,19,12,6,,,,,1005,16632
2026-10-01T10:28:29Z,00004_101_00000_1_0,4,20,,21,19,13,9,,,,,1034,6130
2026-10-01T10:28:29Z,00004_101_01964_2_0,4,19,,21,19,13,8,,,,,1034,6543
2026-10-01T10:28:29Z,00004_101_03169_2_0,4,20,,21,19,13,9,,,,,1034,5047
2026-10-01T10:28:29Z,00004_101_03864_1_0,4,20,,21,19,13,9,,,,,1034,6099
2026-10-01T10:28:29Z,00004_102_00000_1_0,4,19,,21,19,13,8,,,,,1004,4176
2026-10-01T10:28:29Z,00004_102_00400_1_0,4,19,,21,19,13,8,,,,,1004,3931
2026-10-01T10:28:29Z,00004_102_02549_1_0,4,19,,21,19,13,8,,,,,1004,2968
2026-10-01T10:28:29Z,00004_103_00000_1_0,4,19,,21,19,13,9,,,,,1004,2098
2026-10-01T10:28:29Z,00004_103_01500_2_0,4,21,,22,20,14,9,,,,,1004,919
2026-10-01T10:28:29Z,00004_103_03379_2_0,4,20,,22,20,14,9,,,,,1004,1325
2026-10-01T10:28:29Z,00004_104_00000_1_0,4,20,,22,19,13,9,,,,,1004,2840
2026-10-01T10:28:29Z,00004_104_00162_1_0,4,20,,22,20,13,9,,,,,1004,2759
2026-10-01T10:28:29Z,00004_104_01537_2_0,4,21,,22,20,13,9,,,,,1085,4609
2026-10-01T10:28:29Z,00004_105_00000_1_0,4,20,,22,20,13,8,,,,,1085,5178
2026-10-01T10:28:29Z,00004_105_00064_1_0,4,20,,22,20,13,8,,,,,1085,5807
2026-10-01T10:28:29Z,00004_105_01800_1_0,4,20,,22,19,13,8,,,,,1036,6726
2026-10-01T10:28:29Z,00004_106_00000_1_0,4,20,,21,19,13,8,,,,,1036,6748
2026-10-01T10:28:29Z,00004_106_00067_1_0,4,19,,21,19,12,8,,,,,1005,6561
2026-10-01T10:28:29Z,00004_106_02383_2_0,4,18,,20,19,12,7,,,,,1005,5371
2026-10-01T10:28:29Z,00004_106_04878_1_0,4,18,,20,19,12,7,,,,,1005,4291
2026-10-01T10:28:29Z,00004_107_00000_1_0,4,18,,20,19,12,7,,,,,1005,2617
2026-10-01T10:28:29Z,00004_107_00042_1_0,4,19,,21,19,12,7,,,,,1005,1499
2026-10-01T10:28:29Z,00004_107_03311_2_0,4,19,,21,19,12,7,,,,,1005,1098
2026-10-01T10:28:29Z,00004_107_05874_2_0,4,19,,21,19,12,7,,,,,1005,2438
2026-10-01T10:28:29Z,00004_107_07483_2_0,4,19,,21,19,12,7,,,,,1005,3123
2026-10-01T10:28:29Z,00004_108_00000_1_0,4,19,,21,19,12,6,,,,,1005,4889
2026-10-01T10:28:29Z,00004_108_00032_2_0,4,19,,21,19,12,7,,,,,1005,3706
2026-10-01T10:28:29Z,00004_108_01501_2_0,4,19,,21,19,12,7,,,,,1005,5773
2026-10-01T10:28:29Z,00004_108_03381_2_0,4,19,,21,19,12,6,,,,,1005,7387
2026-10-01T10:28:29Z,00004_109_00000_1_0,4,19,,21,19,12,6,,,,,1005,8746
2026-10-01T10:28:29Z,00007_001_00000_1_0,7,20,,22,20,13,8,,,,,1004,1116
2026-10-01T10:28:29Z,00007_001_01615_1_0,7,19,,21,19,13,8,,,,,1004,2610
2026-10-01T10:28:29Z,00007_002_00000_1_0,7,18,,21,19,13,8,,,,,1115,2324
2026-10-01T10:28:29Z,00007_002_00060_2_0,7,19,,20,18,13,8,,,,,1115,2175
2026-10-01T10:28:29Z,00007_002_01814_1_0,7,19,,21,18,13,8,,,,,1115,1718
2026-10-01T10:28:29Z,00007_003_00000_1_0,7,19,,21,18,13,8,,,,,1011,4185
2026-10-01T10:28:29Z,00007_003_02642_2_0,7,19,,21,18,12,8,,,,,1011,3111
2026-10-01T10:28:29Z,00007_004_00000_1_0,7,19,,21,18,12,7,,,,,1011,304
2026-10-01T10:28:29Z,00007_004_02103_2_0,7,18,,20,18,12,7,,,,,1011,209
2026-10-01T10:28:29Z,00007_004_02440_2_0,7,19,,21,18,12,7,,,,,1011,1429
2026-10-01T10:28:29Z,00045_001_00000_1_0,45,20,,21,19,13,8,,,,,1034,3640
2026-10-01T10:28:29Z,00045_001_00231_1_0,45,20,,21,19,13,8,,,,,1034,5546
2026-10-01T10:28:29Z,00045_001_03374_2_0,45,20,,21,19,13,8,,,,,1034,2391
2026-10-01T10:28:29Z,00045_001_04364_2_0,45,19,,21,19,13,8,,,,,1034,2381
2026-10-01T10:28:29Z,00045_002_00000_1_0,45,20,,22,19,13,8,,,,,1034,2059
2026-10-01T10:28:29Z,00045_002_01538_2_0,45,20,,22,20,13,9,,,,,1034,3681
2026-10-01T10:28:29Z,00045_002_04448_1_0,45,20,,22,20,14,9,,,,,1084,2899
2026-10-01T10:28:29Z,00045_002_04831_1_0,45,20,,22,20,13,9,,,,,1084,1450
2026-10-01T10:28:29Z,00045_003_00000_1_0,45,20,,22,20,13,8,,,,,1036,1770
2026-10-01T10:28:29Z,00045_003_02361_2_0,45,20,,22,20,13,8,,,,,1036,1482
2026-10-01T10:28:29Z,00045_003_02863_1_0,45,20,,22,20,13,8,,,,,1036,891
2026-10-01T10:28:29Z,00045_003_06436_2_0,45,20,,22,20,13,7,,,,,1036,4178
2026-10-01T10:28:29Z,00045_003_07072_2_0,45,20,,22,20,13,7,,,,,1036,3214
2026-10-01T10:28:29Z,00045_004_00000_1_0,45,21,,23,20,13,7,,,,,1036,7181
2026-10-01T10:28:29Z,00045_005_00000_1_0,45,20,,22,19,13,7,,,,,1005,6690
2026-10-01T10:28:29Z,00045_005_00192_2_0,45,20,,22,20,13,6,,,,,1005,6683
2026-10-01T10:28:29Z,00045_005_00199_1_0,45,21,,23,20,13,7,,,,,1005,6847
2026-10-01T10:28:29Z,00045_005_00375_0_0,45,20,,22,20,13,7,,,,,1005,6705
2026-10-01T10:28:29Z,00045_006_00000_1_0,45,21,,23,21,13,7,,,,,1005,6841
2026-10-01T10:28:29Z,00045_006_00826_0_0,45,20,,22,20,13,7,,,,,1005,7367
2026-10-01T10:28:29Z,00045_007_00000_0_0,45,20,,23,21,13,6,,,,,1005,11260
2026-10-01T10:28:29Z,00045_007_04787_0_0,45,20,,23,20,13,6,,,,,1005,13029
2026-10-01T10:28:29Z,00050_001_00091_0_0,50,20,,22,20,13,7,,,,,1034,22640
2026-10-01T10:28:29Z,00050_001_04047_0_0,50,20,,22,20,13,7,,,,,1034,19124
2026-10-01T10:28:29Z,00050_001_04877_0_0,50,20,,22,20,13,7,,,,,1034,19939
2026-10-01T10:28:29Z,00050_001_08186_0_0,50,20,,22,20,13,7,,,,,1034,16846
2026-10-01T10:28:29Z,00050_001_09888_1_0,50,20,,22,19,13,7,,,,,1034,15005
2026-10-01T10:28:29Z,00050_001_11783_2_0,50,19,,21,19,12,7,,,,,1034,14557
2026-10-01T10:28:29Z,00050_003_00000_1_0,50,19,,20,18,12,7,,,,,1034,13420
2026-10-01T10:28:29Z,00050_003_00129_2_0,50,19,,21,19,13,8,,,,,1034,12067
2026-10-01T10:28:29Z,00050_003_02900_2_0,50,19,,20,19,13,8,,,,,1034,11433
2026-10-01T10:28:29Z,00050_004_00000_1_0,50,19,,20,19,12,8,,,,,1041,7973
2026-10-01T10:28:29Z,00050_004_00705_1_0,50,19,,20,19,12,8,,,,,1041,9611
2026-10-01T10:28:29Z,00050_004_03330_1_0,50,19,,21,19,13,8,,,,,1041,6260
2026-10-01T10:28:29Z,00050_005_00000_1_0,50,20,,22,20,13,8,,,,,1041,4038
2026-10-01T10:28:29Z,00050_005_01790_2_0,50,20,,22,19,13,8,,,,,1041,4131
2026-10-01T10:28:29Z,00050_006_00000_1_0,50,20,,22,20,13,8,,,,,1041,4073
2026-10-01T10:28:29Z,00050_006_00031_1_0,50,20,,22,20,13,8,,,,,1041,4096
2026-10-01T10:28:29Z,00050_006_02508_2_0,50,20,,22,20,13,8,,,,,1084,3150
2026-10-01T10:28:29Z,00050_006_03458_2_0,50,20,,22,20,14,8,,,,,1084,4608
2026-10-01T10:28:29Z,00050_006_06893_1_0,50,20,,22,20,14,9,,,,,1084,1334
2026-10-01T10:28:29Z,00050_007_00000_1_0,50,20,,22,20,14,9,,,,,1084,466
2026-10-01T10:28:29Z,00050_007_00064_2_0,50,20,,22,20,14,9,,,,,1085,366
2026-10-01T10:28:29Z,00050_007_02552_1_0,50,20,,22,20,14,9,,,,,1004,2988
2026-10-01T10:28:29Z,00050_007_03226_2_0,50,20,,22,20,13,9,,,,,1085,1176
2026-10-01T10:28:29Z,00050_008_00000_1_0,50,19,,21,19,13,8,,,,,1115,2372
2026-10-01T10:28:29Z,00050_008_00276_2_0,50,18,,20,18,13,8,,,,,1004,2843
2026-10-01T10:28:29Z,00100_001_00000_1_0,100,20,,21,19,13,8,,,,,1034,3042
2026-10-01T10:28:29Z,00100_001_00212_2_0,100,20,,22,19,13,8,,,,,1034,2319
2026-10-01T10:28:29Z,00100_001_00825_1_0,100,20,,21,19,13,8,,,,,1034,2913
2026-10-01T10:28:29Z,00101_001_00000_1_0,101,19,,21,19,13,8,,,,,1034,8032
2026-10-01T10:28:29Z,00101_001_00134_1_0,101,21,,22,20,13,8,,,,,1034,7622
2026-10-01T10:28:29Z,00101_001_00530_1_0,101,20,,22,19,13,8,,,,,1034,7430
2026-10-01T10:28:29Z,00101_002_00000_1_0,101,20,,22,20,13,8,,,,,1034,6059
2026-10-01T10:28:29Z,00101_002_03928_2_0,101,20,,21,19,13,8,,,,,1034,5431
2026-10-01T10:28:29Z,00101_003_00000_1_0,101,19,,21,19,13,8,,,,,1034,5418
2026-10-01T10:28:29Z,00101_003_00024_1_0,101,20,,21,19,13,8,,,,,1034,5215
2026-10-01T10:28:29Z,00101_004_00000_1_0,101,20,,21,19,13,8,,,,,1034,5049
2026-10-01T10:28:29Z,00101_004_00146_2_0,101,20,,21,19,13,8,,,,,1034,3413
2026-10-01T10:28:29Z,00101_004_00283_1_0,101,20,,22,20,13,9,,,,,1034,4969
2026-10-01T10:28:29Z,00101_005_00000_1_0,101,20,,21,19,13,9,,,,,1034,2469
2026-10-01T10:28:29Z,00101_005_00099_1_0,101,20,,21,19,13,9,,,,,1034,2369
2026-10-01T10:28:29Z,00101_006_00000_1_0,101,20,,22,20,14,9,,,,,1034,798
2026-10-01T10:28:29Z,00101_006_00085_1_0,101,21,,22,20,14,9,,,,,1034,2447
2026-10-01T10:28:29Z,00101_007_00000_1_0,101,20,,22,20,14,9,,,,,1034,2949
2026-10-01T10:28:29Z,00101_007_00049_2_0,101,21,,22,19,13,9,,,,,1004,4354
2026-10-01T10:28:29Z,00101_007_02789_2_0,101,20,,22,20,14,9,,,,,1004,2698
2026-10-01T10:28:29Z,00101_008_00000_1_0,101,18,,20,19,13,9,,,,,1004,2520
2026-10-01T10:28:29Z,00101_008_00070_2_0,101,19,,21,19,13,9,,,,,1004,2012
2026-10-01T10:28:29Z,00101_008_02374_2_0,101,19,,21,19,13,9,,,,,1004,3509
2026-10-01T10:28:29Z,00103_001_00000_1_0,103,20,,22,20,14,7,,,,,1115,2207
2026-10-01T10:28:29Z,00103_001_02410_2_0,103,20,,22,20,14,8,,,,,1115,3612
2026-10-01T10:28:29Z,00130_001_00000_1_0,130,21,,24,21,14,7,,,,,1041,3863
2026-10-01T10:28:29Z,00130_001_00544_0_0,130,21,,24,22,14,7,,,,,1041,1753
2026-10-01T10:28:29Z,00130_001_01231_0_0,130,20,,24,21,14,7,,,,,1041,2923
2026-10-01T10:28:29Z,00130_002_00000_0_0,130,21,,24,22,14,7,,,,,1041,1960
2026-10-01T10:28:29Z,00130_002_01197_0_0,130,20,,23,22,14,7,,,,,1041,581
2026-10-01T10:28:29Z,00130_003_00000_0_0,130,21,,23,21,14,7,,,,,1041,5317
2026-10-01T10:28:29Z,00130_003_02196_0_0,130,20,,23,21,14,7,,,,,1041,6572
2026-10-01T10:28:29Z,00130_004_00000_0_0,130,21,,23,21,14,7,,,,,1041,9725
2026-10-01T10:28:29Z,00130_004_02530_0_0,130,21,,23,22,14,7,,,,,1041,12449
2026-10-01T10:28:29Z,00130_005_00000_0_0,130,19,,22,20,13,6,,,,,1041,14671
2026-10-01T10:28:29Z,00130_005_00061_0_0,130,20,,22,21,14,6,,,,,1005,16464
2026-10-01T10:28:29Z,00130_005_04540_0_0,130,20,,22,21,13,6,,,,,1005,17510
2026-10-01T10:28:29Z,00135_001_00000_1_0,135,20,,23,20,13,7,,,,,1084,2402
2026-10-01T10:28:29Z,00135_001_00118_2_0,135,21,,23,21,14,8,,,,,1084,2556
2026-10-01T10:28:29Z,00138_001_00000_1_0,138,20,,23,21,14,7,,,,,1036,2284
2026-10-01T10:28:29Z,00138_001_00014_2_0,138,20,,23,20,14,7,,,,,1036,2284
2026-10-01T10:28:29Z,00140_004_00000_1_0,140,21,,23,21,14,7,,,,,1004,2919
2026-10-01T10:28:29Z,00140_004_00509_0_0,140,21,,24,21,14,7,,,,,1085,4760
2026-10-01T10:28:29Z,00140_005_00000_0_0,140,21,,24,21,14,7,,,,,1036,6499
2026-10-01T10:28:29Z,00140_005_03305_0_0,140,21,,23,21,14,7,,,,,1117,7532
2026-10-01T10:28:29Z,00140_005_07675_0_0,140,20,,23,21,13,7,,,,,1005,5443
2026-10-01T10:28:29Z,00140_005_11102_0_0,140,20,,22,20,13,6,,,,,1005,2624
2026-10-01T10:28:29Z,00140_005_13082_0_0,140,20,,23,20,13,6,,,,,1005,2632
2026-10-01T10:28:29Z,00140_008_00000_0_0,140,20,,23,21,13,6,,,,,1005,8139
2026-10-01T10:28:29Z,00145_001_00000_1_0,145,20,,22,20,13,7,,,,,1005,6214
2026-10-01T10:28:29Z,00145_001_01070_0_0,145,20,,22,20,13,7,,,,,1005,5513
2026-10-01T10:28:29Z,00145_002_00000_0_0,145,20,,23,20,13,7,,,,,1005,3272
2026-10-01T10:28:29Z,00145_002_04956_1_0,145,20,,22,20,13,6,,,,,1005,3938
2026-10-01T10:28:29Z,00145_003_00000_1_0,145,20,,22,20,13,6,,,,,1005,3809
2026-10-01T10:28:29Z,00145_003_00029_2_0,145,20,,22,20,13,6,,,,,1005,3769
2026-10-01T10:28:29Z,00145_003_00782_0_0,145,20,,23,20,13,6,,,,,1005,3593
2026-10-01T10:28:29Z,00145_004_00000_1_0,145,20,,23,20,13,6,,,,,1005,3148
2026-10-01T10:28:29Z,00145_004_00937_0_0,145,20,,22,20,13,6,,,,,1005,2918
2026-10-01T10:28:29Z,00148_001_00000_1_0,148,20,,23,20,13,7,,,,,1005,3711
2026-10-01T10:28:29Z,00148_001_00135_0_0,148,20,,23,21,13,7,,,,,1005,5580
2026-10-01T10:28:29Z,00148_001_01984_0_0,148,20,,22,20,13,7,,,,,1005,4381
2026-10-01T10:28:29Z,00148_003_00000_1_0,148,20,,23,20,13,7,,,,,1005,4443
2026-10-01T10:28:29Z,00148_003_00692_0_0,148,20,,23,20,13,7,,,,,1005,5238
2026-10-01T10:28:29Z,00148_003_02753_0_0,148,20,,22,20,13,6,,,,,1117,3790
2026-10-01T10:28:29Z,00148_004_00000_0_0,148,20,,22,20,13,6,,,,,1117,1232
2026-10-01T10:28:29Z,00148_005_00000_0_0,148,20,,22,20,13,6,,,,,1117,4118
2026-10-01T10:28:29Z,00148_006_00000_0_0,148,20,,22,20,13,6,,,,,1117,5046
2026-10-01T10:28:29Z,00148_006_06129_0_0,148,20,,22,20,13,6,,,,,1011,10061
2026-10-01T10:28:29Z,00152_001_00000_0_0,152,20,,23,21,14,7,,,,,1036,3635
2026-10-01T10:28:29Z,00152_001_00159_0_0,152,20,,23,21,14,7,,,,,1036,2330
2026-10-01T10:28:29Z,00152_001_02836_0_0,152,21,,24,21,14,7,,,,,1036,5505
2026-10-01T10:28:29Z,00152_001_06130_1_0,152,21,,23,21,14,7,,,,,1036,6871
2026-10-01T10:28:29Z,00152_001_06964_0_0,152,20,,22,20,13,7,,,,,1036,7550
2026-10-01T10:28:29Z,00170_001_00000_1_0,170,21,,23,20,14,8,,,,,1034,7397
2026-10-01T10:28:29Z,00170_001_00435_1_0,170,20,,22,20,14,8,,,,,1034,6301
2026-10-01T10:28:29Z,00170_002_00000_1_0,170,20,,22,20,13,8,,,,,1004,6289
2026-10-01T10:28:29Z,00170_002_01548_2_0,170,20,,22,20,13,7,,,,,1004,4949
2026-10-01T10:28:29Z,00170_003_00000_1_0,170,20,,22,20,13,8,,,,,1004,4150
2026-10-01T10:28:29Z,00170_003_00339_2_0,170,20,,22,20,13,7,,,,,1004,4377
2026-10-01T10:28:29Z,00170_003_01722_0_0,170,20,,22,20,14,8,,,,,1004,4131
2026-10-01T10:28:29Z,00170_003_02633_1_0,170,20,,22,20,14,8,,,,,1115,3580
2026-10-01T10:28:29Z,00170_003_03882_0_0,170,20,,22,20,14,7,,,,,1115,1557
2026-10-01T10:28:29Z,00170_003_04986_2_0,170,19,,22,19,13,7,,,,,1115,2159
2026-10-01T10:28:29Z,00170_005_00000_0_0,170,20,,22,20,14,7,,,,,1115,2244
2026-10-01T10:28:29Z,00170_005_02271_0_0,170,20,,22,20,13,7,,,,,1115,4326
2026-10-01T10:28:29Z,00170_006_00000_0_0,170,20,,22,20,13,7,,,,,1011,1410
2026-10-01T10:28:29Z,00170_006_00801_0_0,170,19,,22,19,13,6,,,,,1011,2037
2026-10-01T10:28:29Z,00170_006_03382_0_0,170,20,,22,20,13,6,,,,,1011,1993
2026-10-01T10:28:29Z,00170_006_03890_1_0,170,20,,22,20,13,6,,,,,1011,1895
2026-10-01T10:28:29Z,00170_007_00000_1_0,170,20,,23,20,13,6,,,,,1011,2501
2026-10-01T10:28:29Z,00170_007_00132_0_0,170,20,,22,20,13,6,,,,,1011,2735
2026-10-01T10:28:29Z,00170_008_00000_0_0,170,20,,22,20,13,6,,,,,1011,8471
